meanR,meanG,meanB,stdR,stdG,stdB,meanGray,stdGray,entropy,aboveR,belowR,aboveG,belowG,aboveB,belowB,FFT_avg,FFT_med,FFT_std,FFT_max,FFT_min,DCT,H_avg,H_med,H_std,H_max,H_min,label
85.614625,72.79781875,34.71951875,60.40139506,50.41003706,30.45034822,0.02221875,0.147394752,0.153723224,49152,110848,52597,107403,55162,18220,79,281.1260465,18732.71291,3626160,-5.893486872,16188.21429,2.267256903,1.902696078,0.643714544,6.924019608,0.218137255,2
92.56375,73.42576875,62.1336375,57.52063556,50.68329207,48.23870512,0.06755,0.250972889,0.35671349,72740,87260,74646,85354,64168,53638,72,717.9096052,19368.43374,3906271,2.395489303,17438.70982,2.442396334,2.357598039,0.213205732,6.916176471,0.10245098,2
78.71675,57.68081875,34.66885625,67.09844779,40.76304135,45.75166494,0.0289625,0.167701668,0.189161861,52593,107407,74757,85243,40837,36600,69,625.8612076,15594.37997,3077872,5.444344216,13740.5,1.924439776,1.622181373,0.4231756,6.915686275,0.116176471,2
125.0313938,122.6571875,95.6433875,48.70574989,37.01191401,42.62607208,0.06969375,0.254630981,0.364779745,66955,93045,74006,85994,69801,52623,131,659.2518952,27448.50708,6035195,5.654942021,26942.83482,3.773506278,3.603553922,0.266397344,7.676960784,1.568627451,2
105.3245875,92.23384375,71.6333125,54.5939986,48.98269969,50.05783556,0.06701875,0.25005525,0.354698406,83126,76874,86640,73360,76079,46140,118,214.7162237,22521.04987,4706224,-7.000000715,21009.92857,2.942567027,3.243627451,0.257144598,5.920588235,0.321568627,2
152.4831625,83.1310375,42.73181875,92.57787429,27.12853095,17.71216166,0.0104375,0.101629834,0.08367973,77892,82108,73648,86352,62650,11889,67,284.4339499,23592.23912,4980432,-1.954291323,22234.07143,3.114015606,3.617156863,0.307016993,5.266666667,1.199509804,2
130.2184313,107.2482563,89.42241875,67.54259494,56.12482795,60.1862674,0.0445125,0.206231431,0.262612373,88523,71477,79405,80595,75182,49435,97,-512.7399695,27367.2333,5623882,2.51703227,25106.61607,3.516332783,3.507352941,0.264182257,7.145098039,0.11127451,2
155.8674063,109.7332688,57.5160375,67.5404959,81.73233356,74.82580361,0.01638125,0.126937013,0.120608987,87854,72146,70450,89550,55496,15276,249,-522.8959089,29935.26749,5898819,0.096893993,26334.01339,3.68823717,3.073039216,0.518020578,7.920098039,0.265686275,2
102.4459188,93.3023125,62.53725,57.54083664,56.24629526,43.67875541,0.0402875,0.196633311,0.243608817,75954,84046,84776,75224,66119,39551,93,-584.0280308,22583.60756,4642211,-3.4004528,20724.15625,2.902542892,2.841911765,0.242725795,6.792647059,0.555882353,2
96.0016,82.81938125,72.1602875,60.3338892,47.80502723,48.60364901,0.0275375,0.163643984,0.181888069,73062,86938,90646,69354,77396,50066,83,255.9104457,21061.66769,4291694,2.516576643,19159.34821,2.683382103,2.890808824,0.414782922,7.124019608,0.172058824,2
113.0261375,101.172975,93.77511875,62.0263306,56.90295998,59.42087356,0.0381,0.19143829,0.233511892,71914,88086,71459,88541,73674,68523,37,-131.9806687,25289.28413,5212404,-1.480768439,23269.66071,3.259056122,3.039828431,0.306794714,6.901960784,0.376470588,2
139.0406375,132.246275,113.7190063,48.13246491,54.10362055,62.50432098,0.03216875,0.176448622,0.205154067,72852,87148,73983,86017,75905,56638,172,-336.6440797,31121.22552,6631458,5.61900943,29604.72321,4.146319778,3.753431373,0.308843503,7.960294118,1.24754902,2
81.76685,78.08435,67.840475,52.7306138,56.66110847,55.89788272,0.0507875,0.219564185,0.289732829,75097,84903,74344,85656,73636,74964,27,193.0645778,20364.73189,3914563,-2.597707613,17475.72768,2.447580907,2.400245098,0.18224141,5.521078431,0.284803922,2
110.5956688,91.403525,75.3671875,61.38393069,50.63310543,50.83612827,0.0334125,0.179711732,0.21122675,72494,87506,71905,88095,73865,48209,26,602.0997325,23029.87482,4782180,-0.381073783,21349.01786,2.990058523,2.97879902,0.31380241,6.55,0.235784314,2
105.0043063,77.59865625,59.50001875,79.67269411,63.12007777,62.24820484,0.0491125,0.216103573,0.282614892,69395,90605,69687,90313,50397,60409,32,-292.8186707,21785.27238,4201323,-0.199732433,18755.90625,2.626877626,2.548039216,0.243456154,7.128431373,0.149509804,2
90.32704375,65.45328125,32.07678125,65.61221841,36.26626773,30.71051234,0.07638125,0.265607973,0.389298146,63131,96869,71086,88914,59477,28138,118,-785.8647471,16489.70009,3466186,7.220535805,15474.04464,2.167233143,1.965441176,0.184792166,5.537745098,0.307352941,2
141.1250563,54.9859625,22.33879375,75.52465586,41.32182988,41.43273862,0.01499375,0.121527897,0.112322976,83501,76499,79795,80205,44525,10385,112,-60.3035939,18768.88459,3863265,2.193445823,17246.71875,2.415506828,2.520098039,0.366098267,7.305392157,0.14754902,2
127.1087438,112.5384813,77.39804375,59.7317257,66.75761781,53.54370118,0.0390625,0.193744305,0.237977151,89136,70864,89285,70715,67684,31858,117,120.0417887,27275.40695,5664014,-4.037937649,25285.77679,3.54142532,3.576348039,0.245572911,7.326470588,0.478431373,2
49.3867375,37.38175625,39.68365,46.48520049,14.4593201,13.66217824,0.0323625,0.176961477,0.20610471,40935,119065,74934,85066,69797,95866,51,-224.2803185,9916.755375,2068978,2.210399701,9236.508929,1.293628701,1.175245098,0.138041901,3.45245098,0.415686275,2
113.26325,78.44480625,39.37363125,61.31831822,44.17317907,43.69462039,0.017025,0.12936481,0.124393932,70285,89715,81310,78690,50489,23263,149,3.292488642,20690.83694,4234871,0.246468279,18905.67411,2.647853516,2.696813725,0.303233075,6.456862745,0.354901961,2
98.68045,79.977225,58.67716875,74.32834649,56.89820858,55.12318128,0.0835,0.276637359,0.41439316,64468,95532,68269,91731,61139,62578,105,-156.5823254,21365.03543,4171184,0.288684361,18621.35714,2.608033213,2.17622549,0.372328697,6.840196078,0.275490196,2
114.9949813,109.1493688,60.26093125,78.80619231,73.33382222,62.68183551,0.05549375,0.228942179,0.309290749,79661,80339,70116,89884,64056,51531,80,-135.0018337,26630.25278,5283815,-0.202791122,23588.45982,3.303705857,3.68995098,0.279171077,7.189705882,0,2
107.1705375,104.90815,79.11428125,42.8024388,52.29716025,52.16632155,0.047575,0.212865926,0.276005026,80049,79951,92309,67691,84848,36852,157,-1029.745185,24431.17769,5149970,4.347497468,22990.9375,3.220019258,3.090441176,0.310386413,7.52254902,0.432352941,2
112.025575,83.8875,43.6208125,65.6849449,70.45457583,44.47958009,0.025925,0.15891209,0.173524906,77794,82206,84978,75022,72966,26051,129,-349.0732998,22606.96244,4399923,-3.556222855,19642.51339,2.751052296,2.394852941,0.448963715,6.941176471,0,2
130.6142688,113.9375188,89.0391875,57.10951915,54.70565516,50.4645033,0.05188125,0.221787947,0.294335252,78190,81810,90552,69448,74225,38007,141,-319.0912205,27245.78055,5824453,-3.221952382,26002.02232,3.641739821,3.755637255,0.362279868,7.953431373,0.569607843,2
95.23215625,82.68433125,55.133475,66.92446827,50.50078093,45.33171865,0.04896875,0.215803389,0.282000025,71888,88112,85164,74836,65182,49052,83,365.6160605,21139.89287,4179473,-6.833517722,18658.36161,2.613215911,2.758823529,0.259813063,7.387745098,0.101470588,2
70.7415,55.67921875,33.82264375,61.83862711,28.8924938,22.45391897,0.04015,0.196311534,0.242979511,45348,114652,78815,81185,70653,40425,94,-461.2508038,14376.07149,2894163,-6.936478337,12920.37054,1.809575705,1.616789216,0.333334013,4.989215686,0.116666667,2
109.2078188,87.38743125,22.00373125,65.65783025,59.12947017,29.66996262,0.03333125,0.179500638,0.210832179,70321,89679,67167,92833,54787,3849,117,-490.1106627,20813.57974,4337494,-6.790730415,19363.8125,2.712018557,2.449264706,0.352236715,6.031862745,0.344607843,2
68.86605625,61.39061875,37.95064375,64.79681874,56.95415204,56.18575821,0.0279125,0.164722682,0.183812613,63030,96970,64500,95500,49962,61771,52,-561.7222628,17616.68806,3058135,-1.650659821,13652.38839,1.912099215,1.584558824,0.560456507,7.995098039,0,2
125.9895875,113.9423,102.6730813,48.39402589,56.59517362,65.89242467,0.01788125,0.132520265,0.129373123,78891,81109,73939,86061,69426,46556,173,-127.9148158,28072.27863,5833592,2.289249725,26042.82143,3.647453982,3.18872549,0.387090427,7.695098039,0.220588235,2
112.374725,97.84195625,44.78608125,60.39013154,54.26807277,41.00852388,0.0530125,0.224059119,0.299058567,79036,80964,90915,69085,66565,23536,97,-357.3655357,23354.70897,4823854,13.92404117,21535.0625,3.016115196,3.233455882,0.216523778,6.234803922,0.149019608,2
99.8042125,80.38980625,39.90215625,70.85341157,37.37235458,26.95756364,0.0471375,0.211933567,0.274110513,57383,102617,82798,77202,66365,27548,70,143.4866252,19592.55339,4093391,-7.090438008,18274.06696,2.559393132,2.57120098,0.225078662,5.403431373,0.267647059,2
101.6004375,95.80523125,38.1633,69.07856604,50.23836279,44.54784996,0.04130625,0.198998219,0.248249573,61887,98113,71467,88533,55034,23072,87,-553.3292192,22128.60601,4564209,1.135257592,20375.93304,2.853772134,2.557230392,0.411074671,6.251960784,0.446078431,2
133.710625,70.74651875,35.86205625,81.33254618,56.21392202,36.8220476,0.0455875,0.208589434,0.267348673,77980,82020,59412,100588,48035,23518,109,50.79572353,21492.05591,4294465,-1.636155788,19171.71875,2.685114671,2.810416667,0.248277131,6.156372549,0.093137255,2
97.45261875,86.0621,51.4334625,71.02428129,51.80625004,44.51362917,0.0501875,0.218332345,0.28719291,75806,84194,71371,88629,65016,54557,129,885.1811298,21291.82626,4291131,-5.151157101,19156.83482,2.683030087,2.907843137,0.185347295,6.037745098,0.196568627,2
128.5619188,128.5214375,83.509775,57.09717313,52.56863275,52.55953536,0.0305625,0.172129657,0.197204971,79488,80512,89491,70509,68507,30584,164,-499.3136715,28975.07316,6191576,-3.615193327,27640.96429,3.871283513,3.888112745,0.463075953,6.705882353,0.203431373,2
128.8130875,100.3073688,88.6152625,68.9071729,52.52147069,55.28346705,0.0229,0.149585193,0.15742736,84985,75015,86594,73406,80845,37177,150,-550.1005164,25976.26698,5393729,0.065304723,24079.14732,3.372429597,3.857230392,0.444221978,6.109803922,0.070098039,2
103.8626938,69.76919375,69.3755,61.28417446,35.7071961,32.70109739,0.04545,0.208289627,0.266745022,52325,107675,83277,76723,70303,48415,131,167.1517841,18603.77046,4009978,-0.937964807,17901.6875,2.507239146,2.553431373,0.249850422,6.56372549,0.429901961,2
107.790875,92.76466875,68.6882375,69.24171968,68.82337397,64.79282198,0.0354,0.184789213,0.220788363,67733,92267,72697,87303,66498,56215,49,367.1229541,24440.16822,4742149,2.643616828,21170.30804,2.965029137,2.375612745,0.297551622,7.806372549,0.259313725,2
91.072625,69.7544375,43.219225,75.57302211,52.0804858,40.43556321,0.0512375,0.220482476,0.291630691,59277,100723,69974,90026,55718,56752,9,-188.5387649,19616.13962,3667264,-2.368638896,16371.71429,2.292957183,2.159068627,0.453282458,6.564705882,0.226960784,2
119.0495063,133.9399875,38.42185625,52.16977037,42.96121692,40.24849352,0.0275125,0.163571787,0.181759498,47559,112441,92615,67385,63398,770,174,480.1883492,27197.72624,5950089,1.072542265,26562.89732,3.720293742,3.859558824,0.388462952,6.719607843,1.498039216,2
112.4745875,114.0943688,40.551575,66.25250279,46.22919162,37.60762495,0.04369375,0.204413472,0.258978824,51021,108979,82580,77420,64176,13954,122,301.9667543,24868.66145,5279199,2.146017888,23567.85268,3.300819703,3.473651961,0.312906198,7.043627451,0.485784314,2
113.6251938,111.4591563,38.43354375,68.4072634,39.58360219,32.46331461,0.0284375,0.166219678,0.186494433,42094,117906,86485,73515,75720,10534,75,-619.3050309,24053.3292,5207025,-1.510777835,23245.64732,3.255692902,3.507107843,0.314515131,5.943627451,0.574019608,2
90.11959375,91.6572,56.0965125,69.17930753,54.54296558,54.95455427,0.0504375,0.218846654,0.288252527,57085,102915,67386,92614,55405,70639,93,115.9602845,22374.88291,4372360,2.236883742,19519.46429,2.733818527,2.399387255,0.521001534,7.92745098,0.603921569,2
81.85040625,78.15915,44.16875,56.95921067,44.01549931,42.24001228,0.06964375,0.254546465,0.364592787,62382,97618,70911,89089,50653,42877,48,763.8668708,18438.22215,3782437,1.86987042,16885.87946,2.364969113,2.423897059,0.308036359,7.198529412,0.417156863,2
126.6173563,118.5405438,84.341775,69.58267206,58.11510219,54.94772241,0.09281875,0.290179179,0.445809105,77437,82563,86089,73911,78858,52602,144,-458.4692887,28314.49956,5873423,0.908751422,26220.63839,3.672358318,4.037009804,0.32543997,7.301470588,0.679901961,2
79.12675625,65.08948125,50.2066125,56.55517498,32.36613986,34.82975137,0.043325,0.203588318,0.257334804,59797,100203,83087,76913,80778,48009,97,469.3497351,16511.58471,3390896,-4.291559219,15137.92857,2.120158063,2.027696078,0.286886251,4.722058824,0.164705882,2
104.7824688,69.07389375,65.49080625,73.71242616,53.86485721,59.32071695,0.06235625,0.24180222,0.336728197,66286,93714,67073,92927,59254,61318,70,-109.4778861,20162.52561,3981072,-0.525398535,17772.64286,2.489165666,2.307598039,0.293777666,7.138235294,0.273529412,2
129.4871625,99.6883125,82.665475,57.4848554,52.77128439,48.09926613,0.043625,0.204259933,0.258672669,80699,79301,82183,77817,71397,34878,153,-76.05809959,25317.60386,5351355,0.693925582,23889.97768,3.345935249,3.387132353,0.198817948,6.633333333,0.337254902,2
140.8364875,114.036025,87.40355,77.76311615,72.51766876,73.86863476,0.07628125,0.265448415,0.388938443,88679,71321,77740,82260,75826,37046,170,245.7037773,29589.34531,5970747,-2.630979019,26655.12054,3.733210159,3.598406863,0.316566814,7.342647059,0.008333333,2
86.6079625,63.3236375,31.1490625,62.85022241,37.85857785,27.71101798,0.02324375,0.150677205,0.159285005,44025,115975,97633,62367,70975,18435,65,-537.0912329,16017.68496,3342241,-1.236138142,14920.71875,2.08973652,2.129166667,0.324647663,6.417156863,0.178431373,2
109.235125,101.8378188,71.42404375,59.90346448,46.44476637,46.94981864,0.053425,0.224880158,0.300771691,71510,88490,82088,77912,69038,46925,131,-508.0675017,23857.50025,5046643,-2.243793201,22529.65625,3.155414041,3.399264706,0.310213885,6.006372549,0.799509804,2
119.1459938,110.7064938,88.27813125,50.24794931,57.45116025,49.87489006,0.07210625,0.258664564,0.373735055,99028,60972,98838,61162,91487,34671,184,-1123.363506,26400.72861,5553020,9.743136282,24790.26786,3.472026311,3.819607843,0.414754019,6.071568627,0.290196078,2
109.8626938,101.446875,91.49449375,55.06948833,55.89403594,58.92723509,0.060525,0.238457711,0.329525457,79861,80139,81963,78037,74614,58767,54,171.9538562,24982.57282,5159872,-0.328117489,23035.14286,3.226210484,3.098039216,0.417988449,7.410784314,0.348039216,2
99.85658125,86.91053125,49.6884625,65.87859108,49.22905733,42.22989333,0.02328125,0.150795807,0.159487201,76238,83762,90721,69279,72762,34204,104,91.6798293,21249.84447,4341558,3.372114802,19381.95536,2.714559574,3.0375,0.466621347,6.020588235,0.048039216,2
146.6140625,90.85660625,68.8995375,80.50108589,52.87948251,54.90639841,0.0291875,0.168332311,0.190300701,82610,77390,80238,79762,53332,37384,190,254.9270273,25641.19563,5269213,0.582348949,23523.27232,3.294575955,3.722058824,0.422613644,6.791666667,0.587745098,2
103.1510313,90.6066125,47.959775,53.13870771,54.26785734,36.49581423,0.07818125,0.268457432,0.395738065,75460,84540,83354,76646,65411,27682,35,834.5344111,21537.92548,4490339,-7.527771985,20046.15625,2.807584909,2.915686275,0.355137207,6.56372549,0.417647059,2
106.2124,112.3828875,83.38154375,60.18095731,60.33572729,65.55058837,0.0472375,0.212147118,0.274544085,70942,89058,94054,65946,62789,50533,153,-814.2858385,25829.20349,5379772,3.494262415,24016.83929,3.363702981,3.470220588,0.431148076,7.387254902,0.188235294,2
128.7904625,106.2796,98.01885625,76.91966904,83.89710597,82.95607241,0.0299625,0.170484399,0.194203762,76474,83526,66611,93389,60537,63402,205,-284.2977074,29700.41435,5623244,1.140728219,25103.76786,3.515933874,2.959436275,0.473027471,7.994117647,0.110294118,2
128.66885,138.95935,84.972375,82.03605809,64.21969868,47.27731202,0.05034375,0.218653963,0.287855392,71495,88505,97778,62222,57826,49310,118,-478.9280441,31181.89919,6508696,2.718737534,29056.67857,4.069562825,4.243995098,0.437313055,7.750980392,0.077941176,2
97.71679375,80.22463125,46.5127,51.83662443,53.1705806,35.41657597,0.08056875,0.272172536,0.404180053,75152,84848,73283,86717,62172,34190,37,-135.0307858,19804.53189,4094824,-1.118959818,18280.46429,2.560289116,2.239093137,0.32574443,6.791666667,0.524509804,2
98.24861875,80.8828375,43.78328125,59.38126827,48.37101879,39.49754362,0.060325,0.238088741,0.328733699,64625,95375,77986,82014,60912,25208,103,428.3193237,20052.82054,4106607,-1.179938309,18333.06696,2.567656438,2.460906863,0.343704765,6.300490196,0.190686275,2
119.6014188,93.71011875,78.315975,45.69865388,58.28413726,57.05973938,0.0145,0.119540116,0.109329824,82439,77561,91539,68461,86128,29344,127,-70.08396412,24018.21268,5001635,-2.222349029,22328.72768,3.127272784,3.184558824,0.180305925,6.58872549,0.296568627,2
96.49124375,88.5882125,73.02938125,57.30482231,52.44972712,46.33758909,0.038175,0.191619151,0.233861133,75786,84214,90492,69508,76961,48580,108,183.3265715,21817.54588,4474074,1.073603514,19973.54464,2.797415216,3.074632353,0.461168254,6.618627451,0.117647059,2
99.42983125,55.81431875,27.15250625,71.8346339,35.47054965,33.12317531,0.06825625,0.252185907,0.359382363,66918,93082,63945,96055,43914,22046,32,-482.8967375,16372.42105,3290569,6.656390274,14690.04018,2.057428596,2.159681373,0.148655844,4.391176471,0.338235294,2
100.7135563,74.74221875,37.43914375,76.42680306,56.81983409,45.15231889,0.03066875,0.172419151,0.197734599,65142,94858,78997,81003,60879,31903,160,-604.9403402,20091.7723,3926186,-1.538259274,17527.61607,2.454848189,2.598039216,0.279719837,6.872058824,0,2
77.85849375,77.32450625,61.1213,56.55762492,44.82390068,39.9493501,0.04825,0.214294714,0.278916053,64879,95121,79364,80636,70678,71059,139,-255.6665237,18524.89426,3795046,-2.351065179,16942.16964,2.372852891,2.411764706,0.177578754,5.479411765,0.227941176,2
155.9578438,148.2524625,114.0788063,74.06996536,66.64327176,81.68391157,0.0524875,0.223008684,0.29687115,89159,70841,84302,75698,72888,50807,165,-265.3075414,35012.11411,7358396,2.898954583,32849.98214,4.600837835,4.533333333,0.278037517,7.780392157,0.916666667,2
90.93043125,32.50685,15.93716875,97.46043836,30.78768528,8.136873465,0.0079125,0.088599895,0.066612354,62004,97996,51778,108222,53962,81269,11,242.1762146,14570.44438,2408302,-0.053896,10751.34821,1.505791066,0.713970588,0.59462215,4.444117647,0.270588235,2
96.210875,87.6371625,66.122325,68.34713694,58.08200137,50.68691541,0.05983125,0.237174668,0.32677468,76694,83306,80334,79666,68139,60043,79,-736.49456,22734.87914,4402788,-0.125606033,19655.30357,2.752843637,2.793382353,0.350599746,7.098529412,0.109803922,2
90.81759375,96.7961125,49.37711875,65.6611359,56.69475742,47.30687873,0.029075,0.168017323,0.189731604,55399,104601,95064,64936,61509,32534,109,595.318285,21902.08892,4494934,0.510292776,20066.66964,2.810457933,2.830759804,0.461865262,7.496568627,0.049509804,2
72.48445625,30.03830625,12.7333,86.35674644,28.12194017,11.1868803,0.013525,0.115508258,0.103346177,62160,97840,58940,101060,71881,86799,1,577.3225429,12625.27611,2044071,6.789253698,9125.316964,1.278055597,0.43627451,0.363700984,4.667156863,0.028921569,2
96.7737,77.95878125,67.13179375,60.9931318,49.14520656,53.1179775,0.02959375,0.169464272,0.192350425,69703,90297,73100,86900,63579,61038,51,263.7129979,20512.5776,4132017,0.886931691,18446.50446,2.583544043,2.384436275,0.234939903,6.472058824,0.179901961,2
160.9068813,83.970825,41.47916875,92.00352379,26.86259172,17.03116603,0.010675,0.102767263,0.085235469,85432,74568,76916,83084,61780,7314,63,-207.2397498,24176.87362,5124496,-1.252353434,22877.21429,3.204091637,3.736887255,0.280262726,5.25245098,1.176960784,2
93.091425,82.1314375,58.48316875,71.29307721,55.55469592,53.5179447,0.0850625,0.27897555,0.419770725,62160,97840,67316,92684,60356,66130,41,-606.6027164,21046.22817,4149910,4.007483025,18526.38393,2.594731643,2.193995098,0.332625647,6.730392157,0.233823529,2
92.51105625,72.11860625,36.12241875,63.95372197,53.52749512,41.51602829,0.03420625,0.181759151,0.215065997,74692,85308,74538,85462,60498,35994,13,-135.7777152,18782.96013,3718091,-1.440597494,16598.62054,2.32473677,2.428676471,0.19720351,6.094117647,0.073529412,2
73.45423125,50.228175,29.26790625,74.26492266,30.72040034,21.39891573,0.03540625,0.184804927,0.220818163,44832,115168,62410,97590,58063,54277,32,529.1622473,14486.36204,2749170,-5.455531186,12273.08036,1.718918818,1.249019608,0.442512762,5.222058824,0.22745098,2
70.26831875,29.60545625,13.0357,83.06889348,32.62860644,24.44387469,0.0143875,0.119082276,0.108644426,51744,108256,55257,104743,31763,61902,38,348.5776824,12411.00467,2001177,-0.889855997,8933.825893,1.251236119,0.680637255,0.227115543,4.886764706,0.031372549,2
127.1446063,106.4282,66.53541875,62.37990925,66.41683702,68.59958132,0.02195,0.146520755,0.152253532,84343,75657,82128,77872,66429,28416,122,38.41359515,26981.98315,5422721,0.017403236,24208.57589,3.390556848,3.232107843,0.281823081,7.842156863,0.100980392,2
104.3206188,96.4039,68.192325,77.59943272,71.51412477,62.51119557,0.0379375,0.191045739,0.232754443,74144,85856,66701,93299,59439,65261,71,-439.7861499,24742.1437,4794448,-7.081107415,21403.78571,2.997729092,2.808578431,0.350618315,7.729901961,0.118627451,2
88.9224375,68.94816875,37.37433125,52.43533928,29.51958551,27.044845,0.03518125,0.184238275,0.219744326,56330,103670,74378,85622,65985,12539,62,-346.6908971,16778.89027,3577913,0.47558856,15972.82589,2.237090461,2.147916667,0.142986368,5.090686275,0.391666667,2
155.4946,121.4632438,55.9261625,70.62172367,58.10759741,59.63240644,0.05716875,0.232165503,0.316101845,81303,78697,71842,88158,57637,11635,226,142.3955012,29497.07224,6229937,-1.418870212,27812.21875,3.895268732,3.815441176,0.217473684,7.387745098,0.579901961,2
87.856425,77.7177875,61.06428125,50.93913111,33.44340625,35.14369351,0.06366875,0.244162677,0.341839525,66054,93946,81151,78849,81081,51429,62,69.60176763,18729.66923,3955775,0.604118544,17659.70982,2.473348714,2.494117647,0.246175484,4.998039216,0.595098039,2
91.7916125,81.55685,45.83200625,61.59851725,44.32138517,38.30130664,0.0285125,0.1664323,0.18687637,60349,99651,94328,65672,67680,27882,78,-308.6906138,19493.00215,4041617,0.744548414,18042.93304,2.527021434,2.470465686,0.388889941,6.680882353,0.092156863,2
84.7345875,63.8252375,44.05045,70.52697645,47.50693095,46.63027605,0.088575,0.284130206,0.431695382,57900,102100,60631,99369,54468,60848,30,4.832898326,17136.45404,3402489,0.536644283,15189.68304,2.127406588,1.898284314,0.383657844,7.127941176,0.087254902,2
126.61575,109.2540125,84.01030625,67.20975382,59.82939798,57.59103287,0.048125,0.214031004,0.278378059,84751,75249,90718,69282,88386,38083,166,-727.7115348,26921.73061,5598071,0.278493705,24991.38839,3.500194453,3.839093137,0.345624062,7.339215686,0.174509804,2
99.53365625,83.880725,57.050175,70.09799393,57.81846941,61.22891607,0.03384375,0.180827418,0.213316091,59326,100674,67892,92108,46815,61122,89,-358.469011,21927.56131,4289833,1.064325881,19151.04018,2.682218512,2.294117647,0.466139371,7.839705882,0.54754902,2
83.18769375,67.13478125,36.88204375,68.08995193,43.21764875,47.81969596,0.03254375,0.177439711,0.206992455,61143,98857,74398,85602,53366,43142,47,-329.474677,17832.11996,3435143,0.49028713,15335.45982,2.147823504,2.065318627,0.358895822,6.700980392,0.031372549,2
110.13605,100.5246875,90.7550125,69.88253797,70.03569623,71.73344551,0.0598375,0.237186267,0.326799517,75021,84979,79681,80319,70992,69453,119,585.8002612,25423.73072,5131659,1,22909.19196,3.208570303,3.16875,0.317071601,6.988235294,0.149019608,2
91.8132375,73.3585125,30.391225,69.99299207,32.51935429,29.62642239,0.0284125,0.166148736,0.186367056,54367,105633,75928,84072,69032,17137,35,-226.2449345,18147.36681,3711355,-3.837821101,16568.54911,2.320525085,2.053553922,0.153975798,5.441666667,0,2
144.47645,130.9208063,115.9928125,78.85617151,70.62877591,79.50771288,0.03415,0.181614932,0.214794837,92919,67081,82246,77754,80785,57630,99,-60.35616536,32951.64639,6686509,-0.242811813,29850.48661,4.180740421,4.122794118,0.316108786,7.545588235,0.015686275,2
98.4068125,86.6423625,74.39406875,76.86151184,76.31984858,82.59344345,0.0361,0.18653956,0.224115753,73077,86923,67911,92089,60569,73249,144,-726.0049593,24618.36659,4453880,-0.046206311,19883.39286,2.784788916,2.356495098,0.736027369,7.464215686,0,2
106.4158875,92.98226875,73.1879,76.23112771,69.34715692,59.73084362,0.03555625,0.18518158,0.221532865,72793,87207,65299,94701,58937,67673,111,716.6512881,24296.4124,4753173,-0.031929309,21219.52232,2.971921894,2.760784314,0.357268645,7.740196078,0.157843137,2
106.4586125,67.42479375,66.265225,52.72310995,51.1180543,56.01076036,0.02594375,0.158968015,0.173622989,66177,93823,81938,78062,72676,39002,103,-289.4404435,19260.41462,3961934,0.095323263,17687.20536,2.47719963,2.373161765,0.430172184,6.35245098,0.597058824,2
89.6740125,68.8745375,63.63649375,47.89039613,43.93356516,46.19224264,0.032625,0.177653614,0.207389921,73358,86642,80127,79873,71952,52864,94,16.93984773,18112.26083,3737697,-0.451605295,16686.14732,2.336995423,2.048529412,0.334873291,6.25245098,0.620098039,2
115.9511563,86.06029375,43.020275,70.18710447,60.588279,43.32858652,0.06358125,0.244006243,0.341500076,83089,76911,75867,84133,63459,31077,21,874.2420456,22003.01986,4519697,8.243270854,20177.21875,2.825941001,2.567279412,0.263140342,5.583333333,0.063235294,2
98.212325,72.00240625,53.8439375,67.46207833,51.98020164,64.06759349,0.02143125,0.144817411,0.149402906,65672,94328,76800,83200,54410,45145,85,-349.772711,20069.22809,3901508,-2.197230758,17417.44643,2.439418267,2.217401961,0.532742348,6.758823529,0.109313725,2
100.76245,74.44395,37.46226875,73.80309742,53.64363318,45.84407077,0.0509375,0.21987081,0.29036612,65825,94175,72394,87606,53550,30683,60,683.4311884,19719.34781,3917979,2.088589034,17490.97768,2.449716762,2.255392157,0.307451673,6.666666667,0,2
89.83748125,68.49256875,40.53596875,51.73762423,38.87604247,24.32539629,0.07393125,0.261659795,0.380425941,66254,93746,69198,90802,56186,18753,67,-565.377178,17037.17214,3596538,4.462629887,16055.97321,2.248735744,2.261397059,0.263133281,4.838235294,0.283333333,2
100.1067375,66.13748125,27.7367,83.12236817,37.30633379,29.01444937,0.01493125,0.121278191,0.111945429,60359,99641,79234,80766,51647,35133,33,81.07098693,18143.24585,3607968,1.918555099,16107,2.255882353,2.072058824,0.409583107,5.546078431,0.031862745,2
105.8764563,93.834375,75.48904375,75.10121825,68.59515618,60.16102819,0.03886875,0.193282704,0.23708119,71912,88088,65817,94183,61363,69220,60,-490.8998403,24332.95329,4783231,1.608217367,21353.70982,2.990715661,2.770343137,0.412499476,7.754901961,0.187745098,2
96.8329375,86.569675,64.36173125,49.52196816,54.46508238,50.20608154,0.035375,0.184726345,0.220669147,77660,82340,71656,88344,59435,60434,139,631.6434188,21887.94518,4370481,3.652252412,19511.07589,2.732643682,1.940808824,0.333670757,6.613235294,0.658823529,2
91.35685625,79.43294375,63.55414375,56.24802427,36.64927879,40.53976184,0.0478,0.213343489,0.276976971,65788,94212,91417,68583,88531,44076,131,290.7534497,19523.53215,4073253,5.753396968,18184.16518,2.546801846,2.604044118,0.334370158,5.183333333,0.101960784,2
81.35714375,58.20664375,43.8049625,42.90161909,30.02910385,32.64832113,0.1089125,0.311530374,0.496626991,80216,79784,70924,89076,73509,36192,107,-584.1669978,15125.73946,3185650,2.180151591,14221.65179,1.991827981,1.920343137,0.141189467,4.926470588,0.06127451,2
102.8863875,80.4587,41.8926875,62.28977077,51.84778872,36.81476816,0.04339375,0.203742465,0.257641674,60752,99248,96136,63864,84418,27658,98,-640.1128296,19922.30964,4152853,8.242568342,18539.52232,2.596571754,2.847426471,0.286802473,6.493137255,0.194607843,2
77.97391875,62.76511875,57.370525,67.66517941,54.81424145,52.32574616,0.1017375,0.302303742,0.474479265,61428,98572,59526,100474,58321,83571,33,-1210.888093,17469.06351,3346513,-1.984652274,14939.79018,2.092407588,1.788970588,0.482118253,7.959313725,0.131862745,2
100.9538063,69.0710375,39.49949375,77.4021686,38.51446335,28.75152459,0.0229375,0.149704747,0.157630381,54689,105311,82484,77516,71123,27241,71,145.6394503,18637.97744,3774551,-0.108563019,16850.67411,2.36003839,2.614460784,0.317057936,4.65,0,2
69.240725,69.62361875,58.4385125,58.25428792,46.31447708,44.87747132,0.0458125,0.209078904,0.268335113,59638,100362,78465,81535,70345,83559,131,406.1420713,17119.30157,3423505,1.808399787,15283.50446,2.140546844,2.177573529,0.18686654,5.68627451,0.07254902,2
111.5658375,95.8366625,76.547225,59.04644491,58.85623466,46.15347842,0.03553125,0.185118866,0.221413814,64483,95517,61725,98275,78990,46782,108,-1.042393933,24208.614,4934134,1.157250563,22027.38393,3.085067777,2.766176471,0.50974251,7.911764706,0.525,2
126.3513313,119.3600125,87.6454875,53.88168896,51.12962258,53.91832229,0.074325,0.262299875,0.381860262,79393,80607,91441,68559,78481,35367,66,-0.039049235,27525.20109,5912503,-1.720540649,26395.10268,3.696793092,3.873406863,0.334491784,6.910294118,0.996568627,2
135.0241188,91.64556875,32.6049,74.31759201,36.37278211,30.25937117,0.0122375,0.109944619,0.095285809,70955,89045,72490,87510,62241,92,77,338.5690838,23255.59737,4910720,3.186323358,21922.85714,3.070428171,3.001470588,0.347413518,6.99754902,0.971568627,2
68.4413125,61.2661125,23.76614375,52.10354845,46.46378686,28.37214807,0.0344375,0.182350669,0.216179314,58244,101756,63229,96771,48168,24555,51,89.36097237,15210.92467,2966764,-1.370689161,13244.48214,1.854969488,1.695588235,0.20812887,6.813235294,0.094117647,2
121.1393563,88.11131875,32.526875,76.2315474,54.5909441,37.48291556,0.0371625,0.18916044,0.229127557,65070,94930,81347,78653,61836,15643,30,403.3568834,23036.64537,4598251,-3,20527.90625,2.875056898,2.961519608,0.28992055,7.16127451,0.025,2
111.0364,94.0271125,60.62436875,76.35074875,61.82087078,61.722203,0.03309375,0.178881955,0.209677121,65673,94327,76310,83690,58825,49111,157,137.6170703,23904.15785,4781477,-0.875830225,21345.87946,2.989618973,3.177328431,0.313758867,7.509803922,0.106862745,2
112.2320875,101.5011875,75.01550625,69.45753433,62.77879225,58.27349002,0.0259875,0.159098423,0.173851771,74347,85653,80948,79052,63126,49488,174,151.1162298,25638.29733,5101969,0.468249883,22776.64732,3.190006628,2.852328431,0.413030492,6.926960784,0.125490196,2
122.6232375,90.64424375,63.8957125,81.2587518,91.53020433,70.5080004,0.0217,0.145702583,0.15088202,83390,76610,73414,86586,71268,49127,200,-322.3588566,27075.72806,4874646,-3.694883555,21761.8125,3.047872899,2.615931373,0.695748598,7.753921569,0.029411765,2
126.57105,101.6122188,73.7904,53.8439149,45.97726361,49.10259743,0.047775,0.213290491,0.276869056,88078,71922,74970,85030,67586,32272,128,526.1263122,25094.66139,5314221,12.03000195,23724.20089,3.322717212,3.416176471,0.288497896,7.995588235,0.134313725,2
116.4704063,95.8042,86.42688125,64.25332338,58.03867894,59.27976682,0.057025,0.231891107,0.315520286,82667,77333,88011,71989,78573,47707,103,238.6361121,24784.12438,5063128,-0.510515327,22603.25,3.165721289,3.652941176,0.286952961,6.948529412,0.157352941,2
78.7045,67.441775,32.95718125,58.18946977,41.05352611,34.3848604,0.07560625,0.264367891,0.38650508,66156,93844,80718,79282,54614,39342,80,617.5411753,16943.03216,3355032,2.342351328,14977.82143,2.097734094,2.111151961,0.292332737,5.946568627,0.156372549,2
98.70366875,77.3022,49.1425625,68.97140558,57.66345458,53.63588077,0.0486625,0.215162149,0.280687955,68965,91035,78581,81419,52133,41127,96,-182.2082066,20531.31416,4037854,6,18026.13393,2.524668617,2.641176471,0.377001176,6.956862745,0.023529412,2
67.04934375,60.22578125,36.84161875,77.03041758,40.49862427,37.73565219,0.03308125,0.178849324,0.209616258,44149,115851,72246,87754,60678,85241,83,85.04549253,16427.36635,2990218,-1.011143809,13349.1875,1.869634104,1.40122549,0.443808009,4.819607843,0.011764706,2
104.5699688,103.0030375,69.690425,63.58319538,58.9786659,47.33034256,0.05265,0.223334478,0.297549058,72826,87174,79319,80681,62029,59994,48,-67.07879407,24685.81671,5000545,-1.682292789,22323.86161,3.126591262,3.236764706,0.339504451,7.253921569,0.589215686,2
92.2486375,81.55695625,32.05185,78.83331329,38.3366325,24.32461659,0.0339,0.180972359,0.213588007,54324,105676,48884,111116,51353,23259,49,-780.7413364,19703.70513,3969157,-1.902788866,17719.45089,2.481715811,1.872794118,0.458641701,5.859313725,0.31372549,2
104.8683313,85.13404375,62.0626125,65.87324639,50.97552689,51.2564969,0.041675,0.199846051,0.249919988,77285,82715,87714,72286,71729,43777,91,558.4264226,22034.52212,4435080,-0.041523209,19799.46429,2.773034214,2.982107843,0.465793639,5.662745098,0.227941176,2
199.8453125,130.223,95.0574375,30.72625237,47.46470546,37.88458224,0.03118125,0.051674763,0.200281611,110763,49237,116292,43708,116798,43202,168,-389.5294029,33662.93572,7377489,1,32935.21875,4.612775735,5.063235294,0.324717598,6.14754902,0.949509804,1
199.8139625,131.9077563,96.49328125,29.50817335,46.30544904,36.73649398,0.02695,0.070182571,0.17885768,109326,50674,120804,39196,121191,38809,154,-27.55040907,33841.70367,7434378,-1.159975203,33189.1875,4.648345588,5.05122549,0.377472797,6.019607843,0.934313725,1
118.9474875,78.60988125,69.67235,42.80947102,23.92946285,24.16846983,0.0196625,0.064809141,0.139541363,52243,107757,98631,61369,96916,63084,90,-295.6159328,20244.63681,4497830,4.529605391,20079.59821,2.812268657,2.803186275,0.159118535,4.209803922,0.344607843,1
60.5173875,48.47036875,36.60515,65.76927775,43.58156383,44.26444554,0.04126875,0.077990805,0.248079423,48027,111973,43247,116753,41987,118013,7,-642.9377788,15060.69846,2543468,9.045995678,11354.76786,1.590303621,0.922426471,0.455105207,6.696078431,0.31372549,1
140.0220063,141.964925,138.096025,31.143245,33.9982302,41.03717802,0.02643125,0.06953167,0.176166137,57678,102322,91662,68338,90569,69431,149,-365.5505338,31940.29398,7072049,-1.222866988,31571.64732,4.421799345,4.481617647,0.42166069,7.754901961,0.790686275,1
158.9079813,119.453225,96.99675,34.14789107,43.85477904,45.22727218,0.03084375,0.044706651,0.198605733,71897,88103,99102,60898,75954,84046,155,125.2110714,29209.65164,6456923,8.99289855,28825.54911,4.037191752,4.115931373,0.284357518,5.559803922,0.620098039,1
141.968125,113.99155,111.4887875,41.82306859,42.04794351,51.42124063,0.0609125,0.03972744,0.331056604,80529,79471,75714,84286,72504,87496,160,454.3554181,27960.46403,6124431,7.153768012,27341.20982,3.829301095,3.691666667,0.245556993,6.352941176,1.325,1
159.0645313,129.8322313,125.8420438,44.67588798,55.7713941,64.9690711,0.02833125,0.036862449,0.185952854,74448,85552,73571,86429,66923,93077,193,537.142655,32085.16704,6929834,-2.441801034,30936.75893,4.332879402,4.046691176,0.301981458,7.483333333,0.711764706,1
182.4418063,143.2163188,147.0571625,38.51375691,61.49631441,70.27748235,0.02323125,0.060203024,0.159217587,91383,68617,99657,60343,101791,58209,183,-88.23760289,36344.32239,7797720,0.773566642,34811.25,4.87552521,5.220098039,0.464264891,7.701470588,0.073039216,1
139.5467063,136.4680563,128.4631625,77.41303612,73.04711872,68.44672106,0.0253,0.030125312,0.170243899,70474,89526,74527,85473,77647,82353,200,-165.3264403,33971.73737,6847511,3.786165629,30569.24554,4.281406938,4.476838235,0.41403801,7.794607843,0.470098039,1
131.452575,111.8223813,97.99560625,30.52107035,38.71716773,31.55414291,0.04635625,0.078212662,0.270712127,55333,104667,123968,36032,109028,50972,119,-681.9913432,26161.70051,5825727,3.203190177,26007.70982,3.64253639,3.858946078,0.308115486,5.044117647,0.508823529,1
113.0146063,78.1451375,69.58515625,32.66945517,36.17732149,32.6218759,0.05679375,0.044965187,0.314583571,46609,113391,110543,49457,107571,52429,105,835.5720054,19874.08711,4395516,6.199229252,19622.83929,2.748296819,2.962745098,0.130787216,4.800490196,0.620098039,1
167.4863063,144.2720313,148.7167938,45.30996807,54.15810442,61.5825357,0.0351375,0.062279827,0.219535275,119650,40350,102872,57128,102886,57114,185,394.7772168,34920.5731,7614043,3.533140371,33991.26339,4.760681147,5.40870098,0.505407809,6.392647059,0.87254902,1
147.9428563,123.3639125,88.11856875,37.8647554,30.50418653,29.38213179,0.0819,0.041937032,0.408838829,59851,100149,90071,69929,70562,89438,144,-415.0815464,28477.60025,6357232,0.402550643,28380.5,3.974859944,3.992401961,0.113606013,5.92254902,1.716666667,1
154.0611688,104.2993,86.9799125,61.34567628,40.04360862,43.50900442,0.07583125,0.068087409,0.387317242,60077,99923,65592,94408,57075,102925,80,245.8138285,27008.94751,5881092,13.18824133,26254.875,3.677153361,3.517279412,0.288168355,7.146568627,0.714215686,1
156.5045063,126.0077,90.63055,30.84275827,61.11668122,44.27721307,0.0531125,0.0458366,0.299474317,101833,58167,98638,61362,103662,56338,137,-593.2381355,30539.19433,6577375,-6.870809007,29363.28125,4.112504377,4.611029412,0.359069627,6.304411765,0.721078431,1
138.6124438,88.14353125,83.1255125,36.60730913,51.16829102,54.2960568,0.033975,0.057550562,0.213950344,69783,90217,92009,67991,89512,70488,116,-599.5556158,23853.40278,5150919,9.029876348,22995.17411,3.22061262,3.156862745,0.291265568,7.075490196,0.650490196,1
151.8571813,112.3403125,94.80218125,59.56978764,37.89284413,49.58199725,0.05261875,0.07560668,0.297418751,74051,85949,85039,74961,81632,78368,75,-852.6127586,27849.37298,6128758,-8.461505693,27360.52679,3.832006553,3.905514706,0.248858861,7.046568627,0.283823529,1
136.8393,73.78669375,70.5349625,32.85700131,44.4241327,42.33517499,0.0477625,0.034065563,0.276815092,77063,82937,87288,72712,80612,79388,105,68.56517106,21347.3559,4630297,-4.213168949,20670.96875,2.895093662,3.103431373,0.167767853,6.203921569,0.439705882,1
168.0515438,151.5206313,141.3714438,38.35052205,51.17228086,60.12817378,0.05439375,0.09812396,0.304775912,88950,71050,80757,79243,80807,79193,194,-89.4985137,35677.02147,7793011,-4.332634479,34790.22768,4.872580907,5.122794118,0.292928177,7.465686275,1.920098039,1
136.9368313,116.665375,68.013425,38.68381711,58.77601588,30.18396721,0.0255375,0.03786868,0.171493344,116202,43798,93029,66971,99855,60145,149,98.74431375,27520.28131,5878074,-2.358225219,26241.40179,3.675266357,3.20379902,0.322765764,6.064215686,0.885784314,1
145.4968188,119.095975,100.1594063,40.32944356,58.6801999,52.40329972,0.03509375,0.056723431,0.219326142,100823,59177,85308,74692,80536,79464,172,-407.887984,29443.18703,6263397,-1.165276749,27961.59375,3.916189601,3.740563725,0.320078979,6.821078431,0.493137255,1
77.46510625,53.53229375,42.93541875,69.73270789,37.67122993,37.69372183,0.04095,0.092991768,0.246631077,48288,111712,67312,92688,56492,103508,60,-732.184507,14894.67614,2983955,4.277802685,13321.22768,1.865718162,2.088357843,0.395156892,5.339215686,0.125490196,1
94.80095,55.8653875,44.8209125,66.84223452,28.70425759,34.76423674,0.0585375,0.115118921,0.321611774,55475,104525,76865,83135,64695,95305,58,-400.7203554,15815.72511,3323477,8.021237006,14836.95089,2.078004327,1.855392157,0.248918508,6.000980392,0.101960784,1
183.3208,170.4749438,160.2851813,44.08286056,59.43225564,70.06031013,0.03136875,0.052891207,0.2012103,88451,71549,107299,52701,114550,45450,223,-327.8522199,40100.45028,8687556,-3.423570708,38783.73214,5.431895258,5.813848039,0.502420043,7.898529412,1.304411765,1
169.1999625,109.6967813,85.85363125,39.47622249,64.58094538,44.1089708,0.0682625,0.047415815,0.359405931,63440,96560,87330,72670,90297,69703,126,632.9209411,29096.50784,6261889,-4.995578364,27954.86161,3.915246724,3.85245098,0.34202787,6.368137255,0.424019608,1
168.1268375,116.0272563,98.27380625,34.2633815,40.7480345,46.9915656,0.0348125,0.060576269,0.217979768,57549,102451,101174,58826,99177,60823,146,-550.3306801,29294.67009,6499337,-3.335309266,29014.89732,4.063711109,4.451102941,0.263089766,6.007843137,0.81372549,1
177.6962625,134.7097563,124.8701625,54.53163019,74.80759765,80.54347599,0.0428875,0.052137377,0.255378131,66785,93215,74400,85600,77434,82566,255,691.8573666,35001.62435,7348568,-6.330731675,32806.10714,4.594692877,4.279656863,0.589283502,8,0.643137255,1
124.2244875,81.0327375,69.03009375,49.55683535,49.33485763,50.72485899,0.0415,0.060113188,0.249127863,80719,79281,69351,90649,62213,97787,111,-724.8434569,22204.052,4646183,1.391223384,20741.88839,2.905026386,2.653063725,0.294765238,6.376960784,0.345098039,1
178.4172063,146.1752438,113.2301688,44.18090037,50.03344848,39.31193012,0.07029375,0.106670295,0.367018913,92620,67380,89369,70631,93834,66166,123,22.27856675,34773.16378,7629895,3.164828353,34062.03125,4.770592612,5.018137255,0.234662693,7.088235294,0.354411765,1
123.3182438,108.0806875,95.29383125,43.58653893,39.66302477,35.75086845,0.0726625,0.036005842,0.375781933,81005,78995,75574,84426,77390,82610,156,-255.0479554,25512.94979,5578270,5.003970643,24902.99107,3.487813876,3.404534314,0.226540797,7.138235294,0.612254902,1
122.094225,96.5922625,88.329825,38.6778494,43.15776702,45.31404072,0.07754375,0.084866074,0.393464749,82324,77676,93352,66648,92271,67729,133,679.8830234,23991.88366,5181351,-0.253406006,23131.03125,3.239640231,3.39877451,0.161999719,6.132843137,0.45245098,1
173.0735313,165.0401438,160.2314313,30.99108081,38.52339835,53.20466968,0.0614875,0.04739515,0.333321655,104968,55032,97218,62782,90898,69102,174,-54.45543829,37843.19851,8375778,-2.015164532,37391.86607,5.236956032,5.409313725,0.243524232,6.752941176,1.695588235,1
122.6479938,106.3991313,103.24025,25.24597159,24.92578075,26.83416349,0.05211875,0.075029389,0.295329974,64269,95731,96549,63451,89393,70607,125,-259.571732,24981.87553,5566360,-4.201315515,24849.82143,3.480367147,3.470343137,0.226034163,5.607352941,1.442647059,1
208.198025,168.8045,143.5923063,52.22246984,72.64920546,61.61792239,0.0596,0.071285912,0.325855018,112424,47576,105674,54326,109197,50803,221,-1091.935205,41327.37549,8910843,2.410057045,39780.54911,5.571505477,6.255392157,0.554570735,6.943627451,1.174509804,1
161.2935875,136.0041875,134.7609813,43.42382444,67.34734631,72.514353,0.035475,0.051922116,0.221145852,96609,63391,93418,66582,93306,66694,107,-154.5930585,33976.76147,7196361,0.887548198,32126.61161,4.499525435,5.024877451,0.4022506,7.011764706,0.519607843,1
135.3296438,102.5547313,98.196775,35.89925411,49.67954438,61.01844967,0.05724375,0.053685499,0.316405047,98062,61938,96791,63209,84182,75818,151,-397.1999921,26067.1141,5612855,0.332589192,25057.38839,3.50943815,3.625490196,0.270328215,5.294607843,0.712254902,1
117.677375,107.1964688,67.964125,44.19020203,40.72824801,43.35684374,0.05190625,0.078159136,0.294440037,67066,92934,96878,63122,53948,106052,98,520.7002772,24422.45594,5311540,-4.41012313,23712.23214,3.321040916,3.176838235,0.449772946,7.151960784,0.212745098,1
136.0204938,125.6090875,125.5131688,50.63141461,62.05336577,65.17763278,0.07119375,0.044753358,0.370362784,71096,88904,76088,83912,75447,84553,108,426.4402401,30535.32274,6458366,-3.65091527,28831.99107,4.038093988,3.911887255,0.275322919,7.679901961,0.618627451,1
98.947675,74.93308125,71.54859375,83.85404058,78.29228786,76.77840432,0.02828125,0.056503195,0.185697789,63998,96002,50770,109230,46862,113138,255,-803.2709851,23962.2644,4101179,4.62572343,18308.83482,2.56426258,1.306740196,0.649302025,8,0.218627451,1
170.5749063,91.19198125,36.58143125,65.81459801,31.2946716,20.10824945,0.03401875,0.064107517,0.214161593,68566,91434,86342,73658,72514,87486,103,136.9908743,24708.28671,5454579,3.137771015,24350.79911,3.410476065,3.54129902,0.293783191,5.428921569,0.745588235,1
63.03308125,61.85931875,47.8571375,65.19569821,52.65864716,55.11202034,0.0315375,0.076508103,0.202044692,50134,109866,50027,109973,52297,107703,11,-488.6960344,17722.16408,3040962,-3.718720479,13575.72321,1.901361795,0.982720588,0.509243746,7.176960784,0.022058824,1
109.6488063,89.082825,70.23893125,51.30553085,50.29195771,48.46554522,0.05838125,0.058398036,0.320985287,79429,80571,76574,83426,71872,88128,152,250.4386692,22417.46255,4671078,1.130674689,20853.02679,2.920591987,2.883578431,0.30560418,7.309313725,0.18627451,1
148.4080313,129.6524563,122.4511438,35.84543203,47.57585854,54.93422509,0.044625,0.045908965,0.263109853,79389,80611,88651,71349,85178,74822,87,-468.7982873,30984.42441,6745092,-0.867061352,30112.01786,4.217369448,4.162377451,0.380304955,7.418627451,0.566666667,1
165.9006813,154.7718625,158.7947,73.48649795,75.06735399,75.92854945,0.0485125,0.045682763,0.280044242,77481,82519,76460,83540,81614,78386,77,244.9581113,38357.87007,7956138,1.737044857,35518.47321,4.97457608,4.505759804,0.297816947,8,0.181372549,1
197.4714813,170.5307125,160.7952125,36.94228494,58.85486805,67.12192252,0.02829375,0.059364966,0.185761567,88169,71831,95392,64608,100281,59719,143,-375.5665812,40796.70269,8905417,3.583250652,39756.32589,5.56811287,6.061642157,0.323380824,7.742156863,1.097058824,1
151.8893938,118.9494813,45.5981875,65.92581521,88.39948088,70.35573792,0.04821875,0.040299379,0.278781601,82087,77913,79160,80840,40798,119202,119,572.3260959,30564.30675,6042602,-4.501975772,26975.90179,3.778137505,2.890196078,0.366854887,7.903921569,0.052941176,1
163.3214125,137.0587313,135.6182438,43.79630172,69.08545668,75.16256541,0.03629375,0.055841095,0.225033121,97754,62246,93605,66395,93243,66757,90,-82.40214555,34327.33667,7264139,3.393517782,32429.19196,4.541903636,5.023529412,0.422995461,6.995588235,0.394117647,1
98.2000875,117.726025,38.28853125,64.50815499,48.24994262,49.61945656,0.04460625,0.045245097,0.26302697,56517,103483,94170,65830,51316,108684,72,323.0490538,23615.8966,5158600,-1.40566331,23029.46429,3.225415166,3.20379902,0.155834545,6.109803922,0.321568627,1
169.3554063,151.322375,134.275175,30.20035357,59.87725336,56.75247932,0.02383125,0.039631057,0.162442565,90126,69874,113373,46627,104121,55879,171,584.2838152,35721.20901,7765943,0.368983109,34669.38839,4.855656638,5.348651961,0.435460048,6.628921569,0.283333333,1
153.799975,119.0187625,102.8319438,45.68388839,43.69209387,41.24496964,0.117875,0.054142254,0.523221614,78084,81916,77495,82505,80263,79737,120,606.0609245,28906.75897,6400914,2.820535368,28575.50893,4.002172119,3.973039216,0.141728314,6.714215686,1.13872549,1
110.1169875,67.23910625,44.74324375,72.77320979,40.49530338,37.78483797,0.0551375,0.044190418,0.307832234,66648,93352,72516,87484,65705,94295,117,-367.286642,19062.02858,3888197,-6.043022385,17358.02232,2.431095563,2.298161765,0.289180816,5.796078431,0.469607843,1
151.2745938,104.4631938,82.0625125,39.12637327,51.8969755,43.99852289,0.02909375,0.038942207,0.189826499,107981,52019,104229,55771,104550,55450,165,385.8290175,27355.1235,5816519,-6.595656234,25966.60268,3.636779087,4.27377451,0.311614545,5.465686275,0.732843137,1
114.6112875,107.5443875,87.8029375,38.43955076,30.06229891,32.33847577,0.05453125,0.093484291,0.30534211,57170,102830,76335,83665,74690,85310,74,-364.5456213,24559.32771,5388763,4.415051311,24056.97768,3.369324605,3.335784314,0.26416369,6.564705882,1.36372549,1
178.441675,172.3067625,169.5608,52.00119493,65.36815263,72.51526706,0.0833375,0.078450929,0.413831264,84254,75746,90043,69957,89920,70080,236,502.7660337,40406.27998,8721020,3.689939393,38933.125,5.452818627,5.571323529,0.377985083,7.530392157,1.457843137,1
126.84,103.3675563,95.552525,29.29290615,35.18507419,35.42956691,0.0568125,0.054823116,0.314659575,49907,110093,120146,39854,118008,41992,112,-929.8888159,24754.49469,5494262,5.231939114,24527.95536,3.435287865,3.616421569,0.319958987,5.026960784,0.541176471,1
130.5504625,82.10550625,82.92780625,41.29782607,64.1537866,62.02637163,0.02755,0.04141477,0.181952342,99789,60211,82384,77616,83063,76937,145,-433.0690148,23632.70553,4849239,2.345155249,21648.38839,3.03198717,3.519117647,0.258561139,5.279411765,0.250980392,1
112.3082625,81.76979375,75.73243125,46.58856635,27.24331707,25.08449737,0.05803125,0.076525121,0.319579628,49361,110639,57115,102885,63395,96605,85,-908.3392172,20454.08921,4527114,1.002680964,20210.33036,2.830578481,2.575367647,0.167588852,5.419117647,1.283333333,1
144.2707313,125.6469313,113.3225938,40.32286337,33.0297537,32.635919,0.0664125,0.055228643,0.352390883,61980,98020,98322,61678,104954,55046,140,-160.1798129,29125.08427,6513752,-2.397565244,29079.25,4.07272409,4.107965686,0.263194167,5.505882353,0.115686275,1
153.2539563,111.3526063,90.3846625,29.67073794,44.42699023,40.19579108,0.0346625,0.063106577,0.217260314,81357,78643,101999,58001,98523,61477,111,-682.9047348,27836.83348,6095760,4.549572709,27213.21429,3.81137455,3.803921569,0.274295299,6.252941176,0.855392157,1
142.8147438,104.2706875,85.53383125,52.84973326,49.31416229,57.11688866,0.03290625,0.062172043,0.208763437,73618,86382,70107,89893,63522,96478,141,-146.1876147,26600.20822,5703380,2.119897994,25461.51786,3.566038916,3.182352941,0.448305238,7.731372549,0.690686275,1
153.3408188,143.582325,101.1255813,53.99088365,63.81643892,42.2726391,0.041825,0.033626121,0.250598071,90072,69928,92039,67961,88369,71631,127,82.72319717,33473.84805,7107435,-3.368942635,31729.62054,4.443924445,5.339828431,0.196059858,6.96372549,0.81372549,1
167.2703375,137.26355,127.7357063,54.00200118,63.99150019,70.46476833,0.0527875,0.045539829,0.298122077,76507,83493,64401,95599,62269,97731,236,426.7981804,34183.07644,7282181,-4.591892856,32509.73661,4.553184399,4.352941176,0.376395003,7.891666667,0.644117647,1
152.7033063,110.896925,95.0812125,43.14756977,59.06352177,63.03478038,0.0788875,0.040787277,0.398247046,90562,69438,68597,91403,57373,102627,189,18.75838253,28481.58812,6101169,3.428141092,27237.36161,3.814756528,3.380147059,0.167149287,6.211764706,0.469607843,1
139.907475,131.321325,143.7942438,36.12066539,49.92306045,69.05635181,0.05908125,0.031314389,0.323786977,115925,44075,80313,79687,75960,84040,173,724.2189804,31237.7728,6790676,-3.047791708,30315.51786,4.245870848,4.578921569,0.161322292,6.847058824,1.18627451,1
154.0268063,125.6476938,97.98605625,42.02932551,47.59073562,49.38286966,0.04773125,0.046481693,0.276680158,99640,60360,99637,60363,92437,67563,133,-418.3230507,30121.97854,6571604,-7.545188901,29337.51786,4.108896058,4.147058824,0.362889969,6.188235294,0.526470588,1
180.5424063,135.5269,114.0636688,41.63392634,56.97753914,63.29650024,0.0264125,0.061696302,0.176068572,96155,63845,97545,62455,95611,64389,183,453.9577726,34244.0754,7352132,2.793038867,32822.01786,4.596921269,5.224264706,0.332384059,7.029411765,0.709313725,1
166.3115625,133.7653313,120.6306188,39.43223978,53.25476187,48.73650015,0.0435,0.04436846,0.258115605,93619,66381,89327,70673,94719,65281,123,102.2164166,32866.51925,7124767,-2.926553419,31806.99554,4.45476128,4.144607843,0.247267782,6.405882353,0.620588235,1
106.3036625,90.63351875,46.03130625,51.94932068,29.79285813,15.9592424,0.04414375,0.043715354,0.260978727,65054,94946,76590,83410,62528,97472,125,79.97551408,20566.71442,4527377,-1.683406128,20211.50446,2.830742922,2.698284314,0.137435525,4.932843137,0.558333333,1
148.4281688,141.4278313,164.3146125,49.73366138,72.38065926,100.3714023,0.03789375,0.05987203,0.232550336,120887,39113,100932,59068,100214,59786,187,350.8189536,34934.02413,7331146,1.263676295,32728.33036,4.58379977,5.884926471,0.489208599,6.275,0.534313725,1
129.8760813,113.3335625,71.686,48.72997952,53.45502182,27.61746632,0.030275,0.040717767,0.1957691,49991,110009,90296,69704,97479,62521,93,87.27525131,26335.74128,5696205,4.384071733,25429.48661,3.561552746,3.685906863,0.230026001,7.263235294,0.392647059,1
155.9499688,124.6801875,121.0905188,29.03906547,45.61775026,43.84084782,0.04250625,0.056148883,0.253667547,77200,82800,106936,53064,104094,55906,144,-525.0745769,30488.82548,6705454,3.334453973,29935.0625,4.192585784,4.394117647,0.295346974,6.187745098,0.667156863,1
134.0628688,127.2739875,113.1676,31.68840233,37.21596431,38.28010229,0.0624,0.041659054,0.336899254,92117,67883,94749,65251,91075,68925,105,317.8163666,29016.58902,6407102,-0.409000987,28603.13393,4.006041166,4.158823529,0.159487194,6.603921569,1.253921569,1
146.833725,107.2043188,94.42373125,38.9876165,46.52855793,40.8203065,0.03905,0.07317076,0.237919391,65185,94815,90256,69744,90476,69524,153,-380.3597943,27055.63223,5899819,3.189518949,26338.47768,3.68886242,3.947426471,0.242341764,6.516666667,1.404411765,1
134.2169875,99.07398125,89.38459375,44.53721746,52.36784711,56.17940577,0.03270625,0.046515139,0.207787084,79775,80225,83171,76829,71739,88261,157,-241.6553402,25811.03019,5442275,2.863473266,24295.87054,3.402782988,3.029534314,0.252708207,6.171078431,0.213235294,1
136.9867438,109.2197125,96.122525,56.99717732,63.87534316,70.16003619,0.0530625,0.039053242,0.299266478,70647,89353,63886,96114,61868,98132,155,436.4512327,28190.45366,5821605,-4.152734444,25989.30804,3.639959109,3.172671569,0.477107286,7.884803922,0.219607843,1
157.6344438,125.2416188,119.149225,79.20400358,82.83664226,81.76933935,0.03695625,0.053333637,0.228158277,78539,81461,64253,95747,65037,94963,208,47.42192661,33993.39173,6734565,-0.566133396,30065.02232,4.21078744,3.940808824,0.772302338,8,0.651960784,1
114.4913375,114.0999188,95.03405625,76.55536521,68.54390007,69.95774419,0.06776875,0.042068434,0.357541348,71745,88255,67137,92863,59445,100555,99,789.5105902,27467.40568,5622156,-3.787125844,25098.91071,3.515253601,2.915563725,0.547775211,8,0.880392157,1
97.08793125,93.27095,113.5611313,47.11292216,57.51814638,68.71185475,0.05538125,0.055998536,0.308830544,62366,97634,91034,68966,85852,74148,36,-115.6575008,23230.62597,4852640,-0.323991936,21663.57143,3.034113645,3.258946078,0.230260442,5.757352941,0.078921569,1
111.1870813,77.1499875,58.11083125,54.96040551,37.5476957,31.16561055,0.06724375,0.044832314,0.355552646,57231,102769,65117,94883,52532,107468,96,-629.0353678,20125.00263,4272469,-23.12354011,19073.52232,2.67136167,2.545955882,0.208519968,6.017156863,0.408823529,1
168.828575,134.9706688,136.8131688,29.01644104,44.07743372,55.90193741,0.04795625,0.040704918,0.277650988,116142,43858,93981,66019,94533,65467,184,-281.3019074,33104.10743,7288570,-3.595212719,32538.25893,4.557179122,4.675245098,0.297543075,5.916176471,0.712745098,1
129.9238,106.786825,89.85669375,38.72511399,30.18213565,34.73748406,0.06143125,0.044332371,0.33310044,63453,96547,67988,92012,55484,104516,86,-496.9891244,25323.53832,5606964,0.733122992,25031.08929,3.505754802,3.39497549,0.192878175,6.635294118,0.855392157,1
135.9358438,120.7032188,96.29055625,38.52399938,36.80270411,43.64150933,0.096825,0.047277597,0.458849513,84836,75164,85917,74083,79694,80306,137,-796.6147955,27920.96367,6145269,2.999894969,27434.23661,3.842330057,3.929779412,0.11269625,6.04754902,1.05,1
120.704375,112.6956125,96.58330625,46.95482694,47.12334257,48.44582145,0.0489875,0.045900596,0.282080262,62602,97398,56654,103346,49747,110253,68,-579.0289167,27147.64517,5683288,1.355557361,25371.82143,3.553476391,3.052205882,0.16262413,7.168627451,1.750490196,1
150.699575,121.6288125,98.05105,46.32725517,42.28100407,39.19454261,0.0553625,0.033141483,0.308753809,95972,64028,97272,62728,90665,69335,102,-179.2298051,29500.23639,6404742,-3.482935657,28592.59821,4.004565576,4.069607843,0.331818486,6.674019608,0.767647059,1
104.0292625,96.74966875,66.3782125,58.26074361,41.82564792,45.29421668,0.0414625,0.070535835,0.248957978,59350,100650,59207,100793,58885,101115,69,649.9803747,23282.28047,4788861,-1.095990184,21378.84375,2.994235819,2.588235294,0.393904581,6.525980392,0.690196078,1
157.0710063,125.770875,122.826325,45.23938141,61.06755888,68.50844215,0.0625125,0.059254746,0.337338901,96383,63617,89598,70402,89147,70853,173,-975.7600886,31535.58632,6763298,14.40342417,30193.29464,4.228752751,4.237867647,0.277090712,6.738235294,0.418137255,1
144.288575,93.9077875,77.2057375,49.64404763,53.94937616,64.74449452,0.06091875,0.048097084,0.331081269,80982,79018,74033,85967,73059,86941,86,116.3257879,25214.64767,5371792,0.638461279,23981.21429,3.358713485,3.229901961,0.252969101,6.032843137,0.51127451,1
149.5855813,110.8805063,87.0189,39.33752515,46.21716608,40.93681936,0.07235625,0.040149855,0.374655823,89213,70787,88902,71098,85812,74188,163,-705.2944128,27631.08962,6008679,-4.928535498,26824.45982,3.756927146,4.065808824,0.200283798,6.432352941,0.392156863,1
88.53346875,55.6397,45.62681875,66.57409513,24.40303707,26.61479935,0.0278375,0.05994808,0.183428305,57402,102598,51141,108859,56491,103509,61,392.5322976,15584.84764,3227078,-1.431576157,14406.59821,2.017730842,1.635906863,0.271520817,5.521078431,0.675,1
122.2288313,129.8841,78.20325,41.5458723,45.12941858,42.77692954,0.05225625,0.056429296,0.295905113,65587,94413,100720,59280,65926,94074,124,-55.93864377,27843.67747,6106425,4.020063058,27260.82589,3.818042842,3.816176471,0.201693121,6.409803922,0.160784314,1
109.96755,104.7331938,56.911525,40.93776751,28.45677743,15.84806508,0.063125,0.042561217,0.339727079,58368,101632,87135,72865,54132,105868,90,-46.26753874,22996.50678,5059129,-9.577919356,22585.39732,3.163220913,3.063480392,0.275934002,6.666176471,1.396568627,1
154.8898688,112.9970938,92.01129375,31.33409766,46.82797832,43.29705166,0.0420625,0.052590283,0.251670047,81271,78729,99284,60716,93604,66396,174,612.8119662,28243.83025,6177990,-5.299901619,27580.3125,3.862788866,3.837254902,0.323981524,6.650980392,0.934313725,1
140.8926813,101.523175,89.28980625,46.14399524,49.55376926,44.8918754,0.033425,0.046177302,0.211287427,68792,91208,101646,58354,92249,67751,153,-474.8413258,25991.0465,5614312,3.074802434,25063.89286,3.51034914,3.660906863,0.246338917,6.174019608,0.610294118,1
116.4948813,81.68088125,78.980825,46.20221548,39.59234875,38.71176725,0.04955625,0.046666335,0.28450894,63211,96789,87408,72592,80232,79768,99,-714.348463,21169.60383,4605613,5.719722214,20560.77232,2.879659989,2.933455882,0.344067327,6.996568627,0.290196078,1
135.1149563,115.3530438,110.1552625,82.74608954,75.80425923,84.23294375,0.07468125,0.030237004,0.38315518,88956,71044,79810,80190,79965,80035,37,-353.7128259,31234.98826,6054591,-12.94031853,27029.42411,3.785633628,4.147181373,0.177834009,7.85,0.07745098,1
133.7198313,128.0714063,114.8495875,44.76554463,42.3845573,56.63349183,0.03573125,0.050039827,0.222365488,101382,58618,95902,64098,86004,73996,158,-315.0820255,29767.79762,6434673,1.589623505,28726.21875,4.023279937,4.541421569,0.280810944,6.53872549,0.573039216,1
184.0904,160.7800313,163.9342125,41.18910058,64.80269152,74.39846112,0.044225,0.070240094,0.261339081,100308,59692,102937,57063,101762,58238,229,-242.8195963,38925.87544,8436570,-3.391257991,37663.25893,5.274966236,5.655759804,0.380588906,7.425980392,1.168137255,1
145.428475,109.518975,103.8998938,69.67827614,79.17040673,81.97321701,0.02028125,0.041873112,0.143016782,89675,70325,75889,84111,74798,85202,253,664.2555987,30223.97089,6001566,0.120500938,26792.70536,3.752479742,3.420955882,0.348998252,7.954901961,0.044607843,1
174.3846375,159.3851063,151.2928875,70.83418349,79.49223087,88.27785091,0.01938125,0.049783451,0.137952206,95161,64839,90325,69675,90579,69421,238,539.5108283,39588.4987,8176162,2.169703151,36500.72321,5.112146108,5.58995098,0.658892315,7.954901961,0.522058824,1
114.37955,93.2846375,91.9282625,29.62423124,23.05042629,24.99008567,0.04984375,0.062761665,0.285732847,63543,96457,90862,69138,94719,65281,132,-449.3105831,22418.91218,4990240,2.152606521,22277.85714,3.120148059,3.146568627,0.139876435,4.558333333,1.182843137,1
133.9122625,107.62025,73.71076875,46.75040013,48.62927303,50.90074405,0.121625,0.047113239,0.534013909,76954,83046,75638,84362,67446,92554,161,409.1100774,25943.90392,5600365,1.961989548,25001.62946,3.501628777,3.2625,0.224905199,7.01127451,0.617647059,3
103.7818875,101.2239313,87.71178125,53.06705478,43.44466072,49.09916079,0.06886875,0.053189269,0.361687796,64761,95239,66129,93871,60681,99319,140,-743.9196492,23715.83922,5039939,-8.863249484,22499.72768,3.151222364,3.149019608,0.321767527,7.525980392,0.682352941,3
120.919425,106.14255,54.820625,68.87754566,61.33728357,53.70820215,0.06696875,0.054462323,0.354508417,72791,87209,70981,89019,49833,110167,135,1171.702835,25370.80805,5253767,-7.259575411,23454.31696,3.284918342,3.101960784,0.291279121,7.307843137,0.519607843,3
75.6053,69.3978,62.55734375,61.14366854,67.42155314,59.90523143,0.04191875,0.069994881,0.251021462,65054,94946,61586,98414,66851,93149,185,752.3265107,19373.82762,3535711,0.307144866,15784.42411,2.210703656,1.180392157,0.326876844,7.815686275,0.159803922,3
155.4982813,108.6909125,78.88183125,77.0732387,53.51994002,55.72493832,0.11366875,0.047591642,0.510883792,84349,75651,65062,94938,57822,102178,109,1332.353045,28132.24585,5985465,6.976392167,26720.82589,3.74241259,3.755759804,0.217641048,7.384313725,0.902941176,3
51.46469375,44.44585,31.6945375,64.4615074,49.5533512,47.36501625,0.06005,0.038979412,0.327643369,44991,115009,48429,111571,44193,115807,12,947.3227237,13887.39624,2262357,7.794771783,10099.80804,1.414538941,0.811151961,0.330665889,7.144607843,0.049019608,3
111.0392813,111.308325,77.87054375,52.09730873,40.3042425,30.69709513,0.09704375,0.041990366,0.459553834,74211,85789,82865,77135,82600,77400,172,375.3856734,24811.73107,5389522,11.49173403,24060.36607,3.36979917,3.523529412,0.185606793,5.937745098,0.621568627,3
120.290425,114.2696875,68.9997375,41.68040545,42.62852611,44.16841963,0.04976875,0.08974632,0.285413811,94659,65341,103556,56444,55924,104076,98,-5.822882631,25472.66658,5564664,-0.346890032,24842.25,3.479306723,3.763112745,0.358867182,6.090686275,0.549509804,3
128.8837438,96.14054375,83.9292125,81.2853673,56.88129229,50.69410729,0.0757875,0.042112347,0.387159403,67542,92458,74044,85956,68923,91077,85,83.34369052,25793.99304,5245374,3.038944657,23416.84821,3.279670618,3.106495098,0.213008386,7.017647059,0.270098039,3
98.8340125,93.64003125,77.317625,49.04761356,42.04938501,43.27497032,0.119025,0.034729559,0.526551749,67681,92319,71574,88426,64507,95493,87,-453.4625847,21900.88701,4682855,5.584895445,20905.60268,2.927955557,2.952818627,0.207225919,6.617647059,0.589215686,3
116.0461313,90.85991875,74.6804,66.78134864,57.865166,51.76233816,0.0692875,0.060524632,0.363259098,74584,85416,73004,86996,69330,90670,26,40.19775036,23835.92664,4843689,5.199849039,21623.61161,3.028517032,2.962990196,0.260411298,7.325980392,0.577941176,3
147.20645,113.6280938,68.03364375,53.6757367,68.54459584,54.12993996,0.07334375,0.064248869,0.378279763,68216,91784,88064,71936,74435,85565,133,-536.725218,28342.31469,5944036,4.509129775,26535.875,3.716509104,3.95379902,0.526210727,7.981862745,0.746078431,3
79.55685,69.77594375,66.493,66.33540426,45.61532388,46.79219097,0.04081875,0.055151287,0.246033616,51857,108143,61049,98951,62686,97314,34,115.0587036,18435.54085,3628426,-4.284373449,16198.33036,2.268673719,1.915441176,0.360132775,6.837745098,0.290686275,3
88.69736875,59.53394375,31.12760625,68.02423606,45.6146816,37.71647984,0.07443125,0.048212581,0.382246744,62264,97736,60645,99355,47808,112192,183,431.4239523,16493.5997,3261713,5.471089009,14561.21875,2.03938638,1.700857843,0.363200284,6.910784314,0.104901961,3
162.6127813,136.2281625,133.0262938,102.2257459,110.3184779,111.3562031,0.030075,0.041210366,0.19476784,94661,65339,78128,81872,74747,85253,254,-918.1073873,38282.74403,7213108,-3.708976565,32201.375,4.509996499,3.522794118,0.485246979,8,0.198039216,3
83.7108875,37.1994875,28.4918875,72.85774695,46.29601158,45.97813322,0.02893125,0.077695789,0.189003484,70922,89078,56399,103601,38899,121101,33,268.2936127,13581.70958,2513245,14.62086963,11219.84375,1.571406688,1.312745098,0.496221003,7.516176471,0.165196078,3
88.8418625,84.7458375,77.7326,59.48994158,36.75297633,44.72842023,0.05245,0.076169621,0.296714601,49480,110520,70802,89198,63140,96860,79,275.364755,20162.49661,4273353,-5.990183702,19077.46875,2.671914391,2.531985294,0.273744091,7.585784314,0.353431373,3
151.059525,114.9383938,89.426825,46.06917743,52.19562842,62.29084882,0.04664375,0.067018167,0.271965033,86852,73148,88640,71360,61205,98795,157,106.1312626,28447.64806,6163131,1.445504773,27513.97768,3.853498274,3.786519608,0.180442705,6.831372549,0.983333333,3
154.3108688,144.39,125.4588625,60.65458174,62.86545922,59.83970359,0.09125,0.053315943,0.440628449,84412,75588,90854,69146,83272,76728,157,1038.734558,33672.33315,7285455,-17.60882469,32524.35268,4.555231468,4.67120098,0.200748247,7.377941176,1.153431373,3
137.5314875,131.822,99.51084375,55.86143694,39.95122625,54.16101519,0.04154375,0.075106038,0.249325998,80717,79283,84318,75682,63076,96924,131,846.8055249,29452.0765,6515150,-12.56210338,29085.49107,4.073598189,4.057107843,0.109655029,6.971568627,1.791176471,3
92.74751875,93.53315625,55.8102625,40.91121692,40.18864464,35.20561953,0.07755625,0.046287418,0.393509403,72939,87061,68797,91203,72071,87929,116,215.9227159,20872.60157,4465438,1.766107519,19934.99107,2.792015556,2.649264706,0.294615929,7.035784314,1.043137255,3
120.0378688,100.125125,76.40715,59.19493726,57.20187503,46.60138117,0.14128125,0.056555637,0.58758448,74009,85991,65632,94368,68125,91875,73,-888.8271763,24771.42069,5186986,-16.03425208,23156.1875,3.243163515,2.699142157,0.270491866,6.757352941,0.580882353,3
142.9023813,98.92959375,61.38450625,77.09872326,52.32764793,50.2674858,0.07906875,0.042386981,0.398889343,79860,80140,78297,81703,70678,89322,175,559.7783707,25601.03442,5408820,3.956907074,24146.51786,3.381865246,3.274754902,0.164707715,6.628431373,0.359803922,3
93.93435,83.8766,70.86908125,52.71066085,42.73054773,41.22598318,0.0919375,0.049520296,0.442904088,63637,96363,73705,86295,66438,93562,71,-922.164857,20255.58688,4285014,12.37484623,19129.52679,2.679205432,2.601470588,0.272364313,6.962745098,0.742647059,3
35.7444875,51.69843125,31.02323125,50.5934231,41.07284877,50.47411393,0.03235,0.086807307,0.20604343,48988,111012,55105,104895,44110,115890,1,-273.2603406,12352.16401,2235267,11.24937646,9978.870536,1.397600915,1.153553922,0.362581734,5.433823529,0.011764706,3
99.656625,81.59084375,36.91896875,65.64257755,60.14797894,61.69852334,0.06461875,0.046495403,0.345513099,69360,90640,72555,87445,39647,120353,9,-984.83799,20576.42499,4108674,11.5038705,18342.29464,2.56894883,2.268872549,0.290175278,7.42745098,0.165196078,3
121.0174875,94.3117125,73.05945,71.54575668,79.66170511,60.82243675,0.0395875,0.060980997,0.240397685,67928,92072,73821,86179,71153,88847,229,430.7746157,26149.35677,5011261,3.842249211,22371.70089,3.133291442,1.941053922,0.545779691,7.913235294,0.26127451,3
143.5683438,128.5158688,97.4732875,58.15943696,52.88791218,49.60693088,0.128925,0.036716518,0.554482606,77884,82116,78671,81329,74744,85256,191,908.9410483,30098.95808,6496499,6.647685218,29002.22768,4.06193665,4.008333333,0.243201519,7.895098039,0.651470588,3
105.909675,140.3132313,199.9778,57.66590826,55.73829628,78.87537363,0.03258125,0.065495147,0.207175938,74406,85594,100935,59065,118830,41170,184,239.9415572,31758.93416,6863885,-2.450531699,30642.34375,4.291644783,4.298284314,0.388761138,6.443627451,0.332352941,3
129.3987313,106.1790125,78.4402375,61.14068159,64.75465861,61.83808457,0.0582875,0.055111411,0.320609087,75502,84498,72618,87382,64547,95453,112,447.0878061,26987.44275,5517164,0.402401763,24630.19643,3.449607343,2.94497549,0.336867251,8,0.369117647,3
35.0409375,48.20973125,30.45911875,43.57139316,34.11847823,43.22125813,0.03314375,0.086625723,0.209920502,48150,111850,54432,105568,44418,115582,5,-622.0206628,11195.71613,2118990,2.440997485,9459.776786,1.324898709,1.138235294,0.29150118,5.033333333,0.116666667,3
91.3280625,57.0115625,28.90980625,70.37758463,42.46238819,35.9637822,0.06804375,0.049890827,0.358580535,62459,97541,60465,99535,47712,112288,149,994.8784265,16129.17613,3214113,-12.39095259,14348.71875,2.009624475,1.524509804,0.406837617,5.370588235,0.108823529,3
86.97200625,63.61810625,45.85233125,73.07411552,48.72931501,49.01032659,0.0577625,0.054138164,0.31849809,59892,100108,66470,93530,53811,106189,62,992.4583399,17198.88777,3439809,-5.331675716,15356.29018,2.150740921,2.107720588,0.304502243,5.788235294,0.141176471,3
190.0772313,164.433525,161.9937063,87.3027882,99.99927821,100.2254239,0.0422875,0.088077701,0.252683741,105510,54490,92213,67787,88708,71292,255,59.29080439,42561.21413,8622135,-5.561478252,38491.67411,5.390990771,4.245833333,0.958479863,8,0.472058824,3
156.20795,144.2773625,140.8594688,87.75058551,93.51073593,95.98452545,0.05655625,0.060703695,0.31362004,82567,77433,72633,87367,73202,86798,213,744.2948837,37180.33598,7402404,7.048909261,33046.44643,4.628353842,3.801715686,0.429241107,8,0.446078431,3
152.4747,75.54485625,61.68265625,77.5919507,66.02136931,60.08859441,0.0329875,0.09444936,0.209159562,94901,65099,53352,106648,67639,92361,73,-1.453007801,24505.56854,4865057,-3.776891554,21719.00446,3.041877376,2.728921569,0.725816427,7.153431373,0.612254902,3
119.1565188,114.5680625,69.72625,62.60468067,48.75180276,55.73088011,0.100425,0.043170323,0.470341366,67240,92760,79806,80194,59958,100042,71,415.3557219,25606.08423,5560501,-7.663756094,24823.66518,3.476703807,3.362867647,0.208886039,6.987745098,0.596568627,3
114.9813563,86.4679375,67.39345,47.90865492,45.90364492,43.41064846,0.0511625,0.04916645,0.291314799,79371,80629,83137,76863,78216,81784,119,772.821142,21783.84288,4657220,0.792190026,20791.16071,2.911927271,2.832720588,0.208206286,6.775490196,0.697058824,3
154.596375,129.7210063,91.17901875,67.14453209,48.70415172,45.242959,0.07830625,0.06648114,0.396182857,108427,51573,91025,68975,85813,74187,130,762.0723148,30822.87717,6661572,5.618743619,29739.16071,4.165148559,4.643627451,0.472939329,7.082843137,0.69754902,3
124.2071688,62.7945,49.2651875,59.59605459,42.80648195,43.11349186,0.048125,0.067482598,0.278378059,79447,80553,70110,89890,53213,106787,62,-545.5399165,18872.44947,3994135,-4.093218984,17830.95982,2.497333308,2.386397059,0.335159574,6.259803922,0.486764706,3
117.9174875,77.90533125,47.478775,67.40126073,44.92865981,40.13250401,0.04584375,0.076113078,0.268471986,67646,92354,70139,89861,63916,96084,146,663.3586154,20685.15325,4334801,8.127320977,19351.79018,2.710334759,2.503553922,0.332493338,7.687745098,0.274509804,3
186.2573125,179.071025,191.731925,41.04125126,52.02494855,53.96425379,0.025,0.078210593,0.168660931,137601,22399,130157,29843,131891,28109,198,-260.0533154,41539.07541,9161286,-1.289680834,40898.59821,5.728094988,6.336642157,0.611114256,6.635294118,1.126960784,3
198.5697688,177.2960563,172.297125,80.46760257,94.80401992,97.28342603,0.030225,0.062152671,0.19551897,118263,41737,102640,57360,99059,60941,247,-484.1729435,44273.96946,9186685,0.456690631,41011.98661,5.743975715,7.749019608,0.746841578,7.867647059,0.667647059,3
149.4860313,114.3110375,55.033575,52.52595964,59.53021705,43.76250498,0.03863125,0.094090421,0.235980937,79496,80504,89151,70849,78801,81199,190,-528.0597266,27366.00507,5923869,-1.681799365,26445.84375,3.703899685,3.575857843,0.293486166,7.425490196,0.493137255,3
87.337175,78.33950625,52.0956375,68.8415324,55.24370816,49.3668036,0.0618625,0.050894287,0.334794405,61646,98354,76159,83841,61865,98135,91,439.8400161,19558.12129,3915297,6.668151861,17479.00446,2.448039841,2.296078431,0.348683013,7.598529412,0.226470588,3
97.45090625,102.8985813,94.63246875,81.2950185,72.28418137,76.55111635,0.06664375,0.049091537,0.353272077,68543,91457,71721,88279,67979,92021,156,-1021.138799,25627.65966,5033631,15.06486897,22471.56696,3.147278286,3.033946078,0.504423321,7.49754902,0.095098039,3
91.6521625,77.78538125,38.51981875,61.72156273,47.62056337,35.29381345,0.04425,0.066923411,0.261449914,52523,107477,91240,68760,62068,97932,98,256.1485019,18784.89017,3886031,2.966272118,17348.35268,2.429741272,2.417156863,0.308295602,6.264705882,0.269117647,3
117.530125,130.6318313,83.35145625,68.6491775,52.53463258,74.61288832,0.1240125,0.042445123,0.540785734,63818,96182,66477,93523,63300,96700,144,331.6809947,28577.89073,6087063,-0.610381761,27174.38839,3.80593675,3.512867647,0.214876598,7.717156863,1.053431373,3
124.789225,123.4625125,157.498575,60.12609412,53.96452187,87.16994688,0.0492375,0.083439861,0.28314904,45442,114558,104377,55623,85327,74673,155,-351.4522212,29859.07755,6410203,-1.30947055,28616.97768,4.007980067,4.654289216,0.326674533,6.926470588,0.110784314,3
118.1294313,112.7877563,38.36609375,54.75764222,53.27936738,45.10742703,0.11781875,0.03413847,0.523058257,68836,91164,72691,87309,50205,109795,60,-581.6711868,24798.37437,5313412,3.47062385,23720.58929,3.322211385,3.269117647,0.159939626,6.330392157,0.745098039,3
109.5750813,117.6979125,61.80155625,51.9147127,71.11643325,50.70566211,0.04798125,0.043253046,0.277758759,70161,89839,73138,86862,53140,106860,107,216.9497477,26842.47583,5463536,-4.668579835,24390.78571,3.416076431,2.669852941,0.270630834,7.673529412,0.621568627,3
114.61735,113.210225,72.8625875,71.88944388,62.36159925,50.57783933,0.07113125,0.039977889,0.370131144,66062,93938,78707,81293,71689,88311,152,758.1223214,25988.54255,5470149,1.618984479,24420.30804,3.420211209,3.351470588,0.174989202,7.326960784,0.21127451,3
179.7734313,96.211325,79.0505125,72.94559911,73.24763033,69.13876318,0.04428125,0.092070136,0.261588425,110647,49353,61347,98653,74955,85045,75,311.5447452,29351.61656,5982800,-0.123865931,26708.92857,3.740746299,3.429166667,0.696787602,7.298039216,0.656372549,3
114.7159813,120.4221188,108.5863625,60.05320915,46.87916443,48.0157335,0.0590875,0.042505357,0.323811935,61181,98819,76516,83484,61521,98479,121,757.7637805,27446.83723,5888546,-3.450550256,26288.15179,3.681813976,3.614460784,0.27404766,7.112254902,1.405392157,3
114.3317438,85.87364375,57.9431875,74.56516849,48.94947207,44.78787779,0.0637875,0.083500671,0.34229991,68181,91819,80827,79173,69934,90066,48,824.7447643,22260.78447,4575759,6.930342611,20427.49554,2.860993773,2.911397059,0.256594746,7.619117647,0.04754902,3
89.36529375,56.11559375,27.4143375,68.87011697,41.50300513,34.79510783,0.0678,0.049159247,0.357659524,62828,97172,61508,98492,47345,112655,8,735.4675616,15841.77734,3149552,3.596679066,14060.5,1.969257703,1.576715686,0.397115195,5.349509804,0.075980392,3
109.11385,96.80301875,76.656425,72.00389906,65.93837372,61.46327718,0.0731125,0.059465405,0.377432985,74321,85679,73002,86998,64585,95415,104,280.2308204,25051.88373,4927303,0.277376949,21996.88839,3.080796694,3.123039216,0.533343388,7.30245098,0.227941176,3
105.6831938,95.2097375,75.58795,70.86261726,66.04338126,61.75176767,0.0781625,0.053361869,0.395671319,75031,84969,73249,86751,64648,95352,214,-1001.282606,24571.89506,4822570,-4.236777585,21529.33036,3.015312375,3.116421569,0.527052825,7.206372549,0.220098039,3
116.2426563,110.7071938,91.94455625,65.39388457,54.67724383,58.27650777,0.09491875,0.050082433,0.452678274,76215,83785,72848,87152,67683,92317,73,689.9962339,26118.69605,5530324,-0.575345731,24688.94643,3.457835634,3.33125,0.225665647,7.317156863,0.75245098,3
96.29166875,90.53785625,73.40115,48.56089385,40.34124565,40.42595723,0.1119625,0.037046266,0.505807219,65456,94544,73040,86960,64904,95096,84,-442.0379193,21155.33912,4531037,-1.602738724,20227.84375,2.833031338,2.803186275,0.185473258,6.558333333,0.72254902,3
131.9105875,67.541925,61.29348125,66.80517457,47.51642588,45.71934398,0.04458125,0.073887877,0.26291644,85927,74073,65982,94018,56612,103388,72,1.5066051,21046.61218,4318817,2.493584171,19280.43304,2.700340761,2.506862745,0.425501289,7.567647059,0.480882353,3
207.27465,179.6561188,170.2283188,46.36313071,74.01761399,85.29584954,0.02650625,0.048571931,0.176556202,121701,38299,111841,48159,109728,50272,230,693.6409374,43376.706,9373514,-4.396735518,41846.04464,5.860790566,7.030759804,0.698370239,7.271078431,0.745588235,3
93.2171125,97.8289,86.29259375,63.16324028,52.26547592,56.36063274,0.061525,0.038174391,0.333469088,58159,101841,74512,85488,69839,90161,52,-387.452411,23267.69706,4773414,-3.227077872,21309.88393,2.984577581,2.688112745,0.270515213,7.992647059,0.399509804,3
98.924875,94.48733125,88.5379875,66.83884146,56.92619635,58.50766351,0.06413125,0.11548667,0.343630685,61445,98555,65262,94738,64519,95481,37,-775.2274768,23557.26622,4772947,-10.8886172,21307.79911,2.984285589,2.854166667,0.435312083,7.295588235,0.408823529,3
55.4895375,63.16499375,24.47944375,52.68091541,41.75558263,40.71122218,0.03581875,0.058111156,0.222781318,54791,105209,71842,88158,39835,120165,96,496.888081,14182.36004,2832039,-2.179163105,12643.03125,1.770732668,1.600735294,0.196730217,5.814705882,0.125490196,3
147.2438625,107.6000688,64.37116875,59.6076133,41.30189415,44.54956811,0.129575,0.055956279,0.556271468,71562,88438,73949,86051,70287,89713,90,-841.9388725,25953.5224,5746510,16.09152415,25654.0625,3.593005952,3.481127451,0.205096807,7.113235294,1.819607843,3
99.8597875,110.051025,41.5112375,60.2026144,50.07785059,54.19252754,0.1104125,0.045933989,0.50115893,66363,93637,72119,87881,53746,106254,183,-137.3410925,23311.41961,4976228,-3.804653414,22215.30357,3.111387055,2.875735294,0.205186144,7.51127451,0.779901961,3
147.0092688,128.1408063,122.5154125,61.79332001,61.52769917,68.15343218,0.0875875,0.044206399,0.428365526,96554,63446,91150,68850,91585,68415,176,-862.2520409,31568.59242,6680473,4.222737545,29823.54018,4.176966412,4.316789216,0.394274522,7.144607843,0.516176471,3
133.550325,115.3072563,81.23075,69.52210647,78.49764781,77.40047083,0.06605625,0.064061419,0.35103093,86858,73142,73196,86804,66743,93257,72,507.9431645,29468.44922,5863805,0.307645822,26177.70089,3.666344663,2.678676471,0.35351858,7.913235294,0.350490196,3
153.4040563,76.55305625,63.3317375,77.35475765,65.83712935,59.84199984,0.0327,0.096026094,0.207756544,94517,65483,52851,107149,68723,91277,74,-139.1716986,24677.78901,4918299,2.957465007,21956.69196,3.075166942,2.687745098,0.724020433,7.213235294,0.680882353,3
115.449025,84.96994375,54.75395625,81.50512711,50.65886378,45.95999098,0.06018125,0.067992149,0.328163994,78193,81807,82919,77081,68961,91039,70,813.3523773,22344.22306,4547773,0.063389336,20302.55804,2.843495523,2.770098039,0.226441742,6.718137255,0.026470588,3
122.7020875,105.3566563,98.1748125,76.60241574,45.40119751,42.71094376,0.1177,0.052802508,0.522713249,65861,94139,67556,92444,68404,91596,84,-856.6614566,25814.21234,5505469,-6.062113906,24577.98661,3.442295043,3.312009804,0.202408899,7.123039216,0.964215686,3
166.7871188,86.7924375,75.32445625,54.34284366,58.87615197,60.17219365,0.04539375,0.075099032,0.266497893,73697,86303,73132,86868,65048,94952,158,-497.8477434,26081.65591,5489097,1.578820687,24504.89732,3.432058448,3.266666667,0.411117266,7.623529412,0.436764706,3
164.432925,91.18705,81.8592875,55.51589604,56.45367354,58.51589411,0.03873125,0.064809683,0.236444468,67587,92413,81973,78027,75480,84520,149,-124.103579,26335.79607,5620784,-6.821524866,25092.78571,3.514395758,3.595710784,0.278234824,7.316176471,0.619607843,3
116.6905813,111.95465,73.51705,70.92457838,70.44395393,64.96043177,0.12036875,0.038076636,0.530419898,75816,84184,77756,82244,69244,90756,46,982.0102647,26935.0159,5468158,4.030233779,24411.41964,3.418966337,3.202818627,0.234914739,7.934803922,0.183823529,3
103.88445,80.79260625,55.48554375,67.1729968,63.76830921,66.28679,0.08881875,0.047356929,0.43251462,70396,89604,65448,94552,57286,102714,219,-1126.460196,21642.24497,4254913,-3.351822039,18995.14732,2.660384779,2.071936275,0.227184651,7.335294118,0.064705882,3
146.9519938,93.8575125,79.27866875,59.93078476,69.00193588,65.23131692,0.03563125,0.05784727,0.221889861,82388,77612,70677,89323,63787,96213,153,-411.5931834,26598.1828,5422289,1.092659078,24206.64732,3.39028674,3.127083333,0.396530063,7.908823529,0.589215686,3
136.7953125,106.922675,70.4831375,67.52132208,48.33136089,48.60356422,0.09148125,0.04451616,0.441394806,73597,86403,78892,81108,66077,93923,128,630.8458575,26147.99791,5604845,5.747757502,25021.62946,3.504429897,3.645098039,0.190137966,7.444117647,0.848039216,3
121.361475,114.9147063,115.603925,58.18801431,66.51168585,82.82476403,0.09424375,0.051874262,0.450478475,87298,72702,86432,73568,76894,83106,48,-1304.583795,27906.32254,5865766,5.194698008,26186.45536,3.667570778,4.358210784,0.309314761,7.901470588,0.721078431,3
47.43408125,45.61359375,41.27088125,61.38441795,47.64893925,60.41715552,0.04599375,0.068741896,0.26912853,48128,111872,53567,106433,38396,121604,19,986.5955976,13868.51204,2291186,5.423206891,10228.50893,1.432564276,0.663112745,0.398180026,6.110784314,0.131862745,3
123.0512625,116.5805938,70.63788125,46.08570884,48.47331446,46.71987043,0.069025,0.041945968,0.362274563,68321,91679,92319,67681,61873,98127,104,-670.7368073,26090.94007,5683409,4.444698701,25372.36161,3.553552046,3.431127451,0.231954893,7.397058824,1.271078431,3
80.9760125,62.0977375,51.65538125,75.01636477,68.22176081,62.97047465,0.03960625,0.0749784,0.240483938,68814,91186,63119,96881,58553,101447,178,374.5900806,20011.93626,3338714,0.198944564,14904.97321,2.087531263,1.220343137,0.440788256,7.968627451,0.023039216,3
127.855575,105.2995063,95.1055125,68.65499773,64.63786615,49.80303637,0.12390625,0.045971442,0.540485989,82724,77276,77125,82875,73789,86211,172,-399.0796802,26752.7519,5563730,-3.284938735,24838.08036,3.478722739,3.639093137,0.345373448,7.333333333,0.393137255,3
152.0052313,140.77865,127.49195,76.04800753,74.3970909,75.53820448,0.11399375,0.064542057,0.511846014,89459,70541,79660,80340,83334,76666,238,326.4783795,34346.89907,7155818,-3.603080938,31945.61607,4.47417592,3.757965686,0.464173048,7.68627451,0.603921569,3
103.3558125,83.18459375,67.31351875,73.00355287,48.4921271,49.69682785,0.06695625,0.038877143,0.354460911,63483,96517,80174,79826,74328,85672,76,-111.276648,21496.96146,4384974,1.273278599,19575.77679,2.741705432,2.698284314,0.169972177,6.406862745,0.02254902,3
49.99871875,42.49325625,32.03318125,61.89019728,44.40488758,51.68042725,0.03804375,0.092241628,0.233249816,41386,118614,42058,117942,32121,127879,9,579.3021335,13494.3211,2184656,1.312271436,9752.928571,1.365956383,0.672303922,0.537622055,5.906372549,0.242647059,3
143.5592,98.4824375,68.0518,73.49402478,63.76995468,55.12645189,0.040325,0.066493863,0.243780323,84490,75510,85570,74430,64856,95144,107,974.0131675,25684.38859,5443376,-7.138181049,24300.78571,3.403471389,3.415073529,0.289013891,7.519117647,0.469607843,3
122.2876063,112.7645125,78.11924375,92.92745093,73.79601476,70.56016478,0.0548125,0.04295375,0.306498594,79286,80714,75093,84907,59371,100629,199,-940.227012,27637.94657,5602412,-7.509006416,25010.76786,3.502908663,3.030269608,0.31538201,7.809313725,0.293137255,3
134.78435,77.5532375,62.22346875,81.49364041,53.00056047,63.73024637,0.054375,0.071969889,0.304698662,82005,77995,79471,80529,61897,98103,27,346.3125618,22622.0302,4661718,0.167909348,20811.24107,2.914739646,2.88125,0.315741423,7.984313725,0.02254902,3
125.6128125,109.7728125,103.8384375,66.81107176,59.00656158,60.51436573,0.14931875,0.047785628,0.608132847,72105,87895,76586,83414,81250,78750,158,44.0695051,26695.50599,5711433,14.5042466,25497.46875,3.571074055,3.706862745,0.289271159,6.831372549,0.83872549,3
142.102075,134.897275,101.0028938,50.43450744,64.7221393,78.44524728,0.11200625,0.042578952,0.505937913,75903,84097,79818,80182,58896,101104,95,1635.215289,31584.22048,6683259,2.80415581,29835.97768,4.178708358,4.136764706,0.399610866,7.74754902,0.978921569,3
109.9420563,98.38415,45.7964375,61.11963481,55.45445022,41.44554256,0.09328125,0.091271958,0.447328393,73174,86826,92236,67764,66501,93499,89,258.6543469,22506.06435,4808707,-8.143646343,21467.44196,3.006644533,2.929534314,0.367903425,6.808333333,0.348529412,3
146.9641,128.1487438,116.4725688,61.05871559,52.12386473,49.57832261,0.117675,0.038735451,0.522640591,75910,84090,72560,87440,68888,91112,97,-1085.2361,30697.93828,6645811,11.70909235,29668.79911,4.155293993,3.854779412,0.256045761,7.92254902,1.43627451,3
96.42475,114.3911875,55.05060625,60.53608854,50.83483327,47.13065673,0.0503125,0.080073857,0.287722954,69902,90098,87497,72503,66511,93489,54,-817.0757262,23941.46078,5129764,-7.89549936,22900.73214,3.207385454,3.068627451,0.245150147,7.199509804,0.568627451,3
139.1875563,113.6659063,100.3192688,56.12085153,40.77284026,47.68040289,0.06805625,0.075853281,0.358627729,69047,90953,80887,79113,70940,89060,105,-130.9094723,27406.90617,6009916,-0.326204063,26829.98214,3.75770058,3.503921569,0.330111582,6.543627451,1.225,3
89.67366875,89.9311625,56.619425,58.067151,54.15140916,50.46475284,0.14561875,0.039778951,0.598766741,71177,88823,76261,83739,62368,97632,59,-815.5170416,20918.1357,4317518,-9.926874391,19274.63393,2.699528561,2.535416667,0.303808577,6.711764706,0.12254902,3
102.2032813,86.74035,55.3084625,62.6823169,52.1737951,46.03835396,0.1065125,0.057381217,0.489306145,59540,100460,69262,90738,59678,100322,56,1117.328508,21264.90232,4404358,5.721943622,19662.3125,2.75382528,2.509313725,0.367563099,7.032843137,0.783333333,3
138.1706688,101.8357938,74.98783125,74.74047969,48.03882626,49.25969535,0.1442625,0.047665558,0.595293971,74672,85328,67971,92029,60936,99064,80,632.1326842,25797.44591,5501116,2.310237273,24558.55357,3.439573329,3.260784314,0.232052231,7.812254902,1.175,3
132.8894938,99.75499375,62.28843125,78.33610708,59.49528102,60.61322876,0.045325,0.088504187,0.266195704,68115,91885,97609,62391,91493,68507,94,-301.3193916,24976.10127,5286918,4.699415786,23602.3125,3.305646008,3.038848039,0.511550565,7.623039216,0.753431373,3
149.8559375,98.496225,77.0016125,69.4594414,56.01141296,55.21878568,0.0393125,0.097358784,0.239131099,89203,70797,76129,83871,62691,97309,123,-531.8012252,26578.68711,5589194,2.109162286,24951.75893,3.494644108,3.339093137,0.287255606,7.016666667,0.445098039,3
137.7910313,144.7237688,79.74769375,54.37845743,50.37324587,51.97326097,0.11699375,0.042959842,0.520657307,82614,77386,89780,70220,71134,88866,91,4.775110921,30810.98775,6785768,12.47830649,30293.60714,4.242802121,4.422916667,0.182126378,6.939705882,1.333823529,3
86.5782875,71.40955,31.4488625,64.25150716,55.87117194,55.56969394,0.05928125,0.06635321,0.324585118,62608,97392,65622,94378,35525,124475,67,59.18425501,18358.99283,3581296,2.061105382,15987.92857,2.239205682,1.870833333,0.247555429,6.979901961,0.085784314,3
147.9227,92.2738875,64.4715875,74.44744843,64.25925872,56.15093152,0.04116875,0.052760899,0.24762544,85451,74549,80217,79783,62488,97512,105,724.452342,25204.62895,5305532,0.349078433,23685.41071,3.317284414,2.970955882,0.296634625,7.576470588,0.431862745,3
103.783725,97.72325,77.1649,62.82747435,43.25909333,51.33622434,0.04479375,0.068979232,0.263855271,64371,95629,75637,84363,66599,93401,63,552.810992,22718.64569,4876422,-1.286131129,21769.74107,3.048983343,2.87879902,0.288348198,7.414215686,0.456862745,3
133.97545,109.1854688,100.8172563,66.85669419,58.12569515,64.07533805,0.0731875,0.072826859,0.37770774,87488,72512,62126,97874,65626,94374,207,726.2859162,27432.42641,5802071,-0.291517004,25902.10268,3.627745473,3.070833333,0.464119248,6.832843137,1.144117647,3
